candidate_id,game_key,candidate_title,original_year,developer,linked_game_status,discovery_sources,first_discovered_at,discovery_query,discovery_url,review_status,exact_license,license_family,source_completeness,authorization_status,provenance_confidence,evidence_confidence,notes,provenance_class,leak_status,content_types,access_status,redistribution_status,classification_tags
cand-doom,doom,DOOM,1993,id Software,resolved-to-canonical,secondary-research;github,2026-10-07,inherited from canonical dataset,https://en.wikipedia.org/wiki/List_of_commercial_video_games_with_later_released_source_code,accepted-canonical-inherited-unreviewed,GPL-2.0,GPL-2.0,game-source-assets-separate,unknown,medium,medium,Seeded from canonical data; refresh with primary-source evidence before treating provenance or authorization as current.,unknown,not-leak,source-code,unknown,unknown,
cand-quake,quake,Quake,1996,id Software,resolved-to-canonical,secondary-research;github,2026-10-07,inherited from canonical dataset,https://en.wikipedia.org/wiki/List_of_commercial_video_games_with_later_released_source_code,accepted-canonical-inherited-unreviewed,GPL-2.0-or-later,GPL-2.0-or-later,game-source-assets-separate,unknown,medium,medium,Seeded from canonical data; refresh with primary-source evidence before treating provenance or authorization as current.,unknown,not-leak,source-code,unknown,unknown,
cand-quake-iii-arena,quake-iii-arena,Quake III Arena,1999,id Software,resolved-to-canonical,secondary-research;github,2026-10-07,inherited from canonical dataset,https://en.wikipedia.org/wiki/List_of_commercial_video_games_with_later_released_source_code,accepted-canonical-inherited-unreviewed,GPL-2.0-or-later,GPL-2.0-or-later,game-source-assets-separate,unknown,medium,medium,Seeded from canonical data; refresh with primary-source evidence before treating provenance or authorization as current.,unknown,not-leak,source-code,unknown,unknown,
cand-duke-nukem-3d,duke-nukem-3d,Duke Nukem 3D,1996,3D Realms / Apogee,resolved-to-canonical,secondary-research;github,2026-10-07,inherited from canonical dataset,https://en.wikipedia.org/wiki/List_of_commercial_video_games_with_later_released_source_code,accepted-canonical-inherited-unreviewed,GPL-2.0,GPL-2.0,game-source-assets-separate,unknown,medium,medium,Seeded from canonical data; refresh with primary-source evidence before treating provenance or authorization as current.,unknown,not-leak,source-code,unknown,unknown,
cand-doom-ii,doom-ii,DOOM II,1994,id Software,resolved-to-canonical,secondary-research;github,2026-10-07,inherited from canonical dataset,https://en.wikipedia.org/wiki/List_of_commercial_video_games_with_later_released_source_code,accepted-canonical-inherited-unreviewed,GPL-2.0,GPL-2.0,unknown,unknown,medium,medium,Seeded from canonical data; refresh with primary-source evidence before treating provenance or authorization as current.,unknown,not-leak,source-code,unknown,unknown,
cand-wolfenstein-3d,wolfenstein-3d,Wolfenstein 3D,1992,id Software,resolved-to-canonical,secondary-research;github,2026-10-07,inherited from canonical dataset,https://en.wikipedia.org/wiki/List_of_commercial_video_games_with_later_released_source_code,accepted-canonical-inherited-unreviewed,GPL-2.0-or-later,GPL-2.0-or-later,game-source-assets-separate,unknown,medium,medium,Seeded from canonical data; refresh with primary-source evidence before treating provenance or authorization as current.,unknown,not-leak,source-code,unknown,unknown,
cand-quake-ii,quake-ii,Quake II,1997,id Software,resolved-to-canonical,secondary-research;github,2026-10-07,inherited from canonical dataset,https://en.wikipedia.org/wiki/List_of_commercial_video_games_with_later_released_source_code,accepted-canonical-inherited-unreviewed,GPL-2.0-or-later,GPL-2.0-or-later,game-source-assets-separate,unknown,medium,medium,Seeded from canonical data; refresh with primary-source evidence before treating provenance or authorization as current.,unknown,not-leak,source-code,unknown,unknown,
cand-doom-3,doom-3,Doom 3,2004,id Software,resolved-to-canonical,secondary-research;github,2026-10-07,inherited from canonical dataset,https://en.wikipedia.org/wiki/List_of_commercial_video_games_with_later_released_source_code,accepted-canonical-inherited-unreviewed,GPL-3.0,GPL-3.0,game-source-assets-separate,unknown,medium,medium,Seeded from canonical data; refresh with primary-source evidence before treating provenance or authorization as current.,unknown,not-leak,source-code,unknown,unknown,
cand-doom-3-bfg-edition,doom-3-bfg-edition,Doom 3: BFG Edition,2012,id Software,resolved-to-canonical,secondary-research;github,2026-10-07,inherited from canonical dataset,https://en.wikipedia.org/wiki/List_of_commercial_video_games_with_later_released_source_code,accepted-canonical-inherited-unreviewed,GPL-3.0,GPL-3.0,game-source-assets-separate,unknown,medium,medium,Seeded from canonical data; refresh with primary-source evidence before treating provenance or authorization as current.,unknown,not-leak,source-code,unknown,unknown,
cand-return-to-castle-wolfenstein,return-to-castle-wolfenstein,Return to Castle Wolfenstein,2001,id Software / Gray Matter,resolved-to-canonical,secondary-research;github,2026-10-07,inherited from canonical dataset,https://en.wikipedia.org/wiki/List_of_commercial_video_games_with_later_released_source_code,accepted-canonical-inherited-unreviewed,GPL-3.0,GPL-3.0,game-source-assets-separate,unknown,medium,medium,Seeded from canonical data; refresh with primary-source evidence before treating provenance or authorization as current.,unknown,not-leak,source-code,unknown,unknown,
cand-wolfenstein-enemy-territory,wolfenstein-enemy-territory,Wolfenstein: Enemy Territory,2003,Splash Damage / id Software,resolved-to-canonical,secondary-research;github,2026-10-07,inherited from canonical dataset,https://en.wikipedia.org/wiki/List_of_commercial_video_games_with_later_released_source_code,accepted-canonical-inherited-unreviewed,GPL-3.0,GPL-3.0,game-source-assets-separate,unknown,medium,medium,Seeded from canonical data; refresh with primary-source evidence before treating provenance or authorization as current.,unknown,not-leak,source-code,unknown,unknown,
cand-homeworld,homeworld,Homeworld,1999,Relic Entertainment,resolved-to-canonical,secondary-research;primary-or-other,2026-10-07,inherited from canonical dataset,https://en.wikipedia.org/wiki/List_of_commercial_video_games_with_later_released_source_code,accepted-canonical-inherited-unreviewed,Non-commercial source license,Non-commercial source license,game-source-assets-separate,authorized-restricted-or-unknown,medium,medium,Seeded from canonical data; refresh with primary-source evidence before treating provenance or authorization as current.,unknown,not-leak,source-code,unknown,unknown,
cand-system-shock,system-shock,System Shock,1994,Looking Glass Studios,resolved-to-canonical,secondary-research;github,2026-10-07,inherited from canonical dataset,https://en.wikipedia.org/wiki/List_of_commercial_video_games_with_later_released_source_code,accepted-canonical-inherited-unreviewed,GPL-3.0,GPL-3.0,unknown,unknown,medium,medium,Seeded from canonical data; refresh with primary-source evidence before treating provenance or authorization as current.,unknown,not-leak,source-code,unknown,unknown,
cand-serious-sam-classic,serious-sam-classic,Serious Sam Classic,2001,Croteam,resolved-to-canonical,secondary-research;github,2026-10-07,inherited from canonical dataset,https://en.wikipedia.org/wiki/List_of_commercial_video_games_with_later_released_source_code,accepted-canonical-inherited-unreviewed,GPL-2.0,GPL-2.0,game-source-assets-separate,unknown,medium,medium,Seeded from canonical data; refresh with primary-source evidence before treating provenance or authorization as current.,unknown,not-leak,source-code,unknown,unknown,
cand-descent-3,descent-3,Descent 3,1999,Outrage / Interplay,resolved-to-canonical,secondary-research;github,2026-10-07,inherited from canonical dataset,https://en.wikipedia.org/wiki/List_of_commercial_video_games_with_later_released_source_code,accepted-canonical-inherited-unreviewed,GPL-3.0,GPL-3.0,game-source-assets-separate,unknown,medium,medium,Seeded from canonical data; refresh with primary-source evidence before treating provenance or authorization as current.,unknown,not-leak,source-code,unknown,unknown,
cand-descent,descent,Descent,1995,Parallax Software,resolved-to-canonical,secondary-research;github,2026-10-07,inherited from canonical dataset,https://en.wikipedia.org/wiki/List_of_commercial_video_games_with_later_released_source_code,accepted-canonical-inherited-unreviewed,Source available,Source available,near-complete,unknown,medium,medium,Seeded from canonical data; refresh with primary-source evidence before treating provenance or authorization as current.,unknown,not-leak,source-code,unknown,unknown,
cand-descent-ii,descent-ii,Descent II,1996,Parallax Software,resolved-to-canonical,secondary-research;github,2026-10-07,inherited from canonical dataset,https://en.wikipedia.org/wiki/List_of_commercial_video_games_with_later_released_source_code,accepted-canonical-inherited-unreviewed,Source available,Source available,near-complete,unknown,medium,medium,Seeded from canonical data; refresh with primary-source evidence before treating provenance or authorization as current.,unknown,not-leak,source-code,unknown,unknown,
cand-freespace-2,freespace-2,FreeSpace 2,1999,Volition,resolved-to-canonical,secondary-research;github,2026-10-07,inherited from canonical dataset,https://en.wikipedia.org/wiki/List_of_commercial_video_games_with_later_released_source_code,accepted-canonical-inherited-unreviewed,Source available / SCP,Source available / SCP,game-source-assets-separate,unknown,medium,medium,Seeded from canonical data; refresh with primary-source evidence before treating provenance or authorization as current.,unknown,not-leak,source-code,unknown,unknown,
cand-star-wars-jedi-knight-ii-jedi-outcast,star-wars-jedi-knight-ii-jedi-outcast,Star Wars Jedi Knight II: Jedi Outcast,2002,Raven Software,resolved-to-canonical,secondary-research;github,2026-10-07,inherited from canonical dataset,https://en.wikipedia.org/wiki/List_of_commercial_video_games_with_later_released_source_code,accepted-canonical-inherited-unreviewed,GPL-2.0,GPL-2.0,game-source-assets-separate,unknown,medium,medium,Seeded from canonical data; refresh with primary-source evidence before treating provenance or authorization as current.,unknown,not-leak,source-code,unknown,unknown,
cand-star-wars-jedi-knight-jedi-academy,star-wars-jedi-knight-jedi-academy,Star Wars Jedi Knight: Jedi Academy,2003,Raven Software,resolved-to-canonical,secondary-research;github,2026-10-07,inherited from canonical dataset,https://en.wikipedia.org/wiki/List_of_commercial_video_games_with_later_released_source_code,accepted-canonical-inherited-unreviewed,GPL-2.0,GPL-2.0,game-source-assets-separate,unknown,medium,medium,Seeded from canonical data; refresh with primary-source evidence before treating provenance or authorization as current.,unknown,not-leak,source-code,unknown,unknown,
cand-command-conquer-tiberian-dawn,command-conquer-tiberian-dawn,Command & Conquer: Tiberian Dawn,1995,Westwood Studios / EA,resolved-to-canonical,secondary-research;github,2026-10-07,inherited from canonical dataset,https://en.wikipedia.org/wiki/List_of_commercial_video_games_with_later_released_source_code,accepted-canonical-inherited-unreviewed,GPL-3.0,GPL-3.0,game-source,unknown,medium,medium,Seeded from canonical data; refresh with primary-source evidence before treating provenance or authorization as current.,unknown,not-leak,source-code,unknown,unknown,
cand-command-conquer-red-alert,command-conquer-red-alert,Command & Conquer: Red Alert,1996,Westwood Studios / EA,resolved-to-canonical,secondary-research;github,2026-10-07,inherited from canonical dataset,https://en.wikipedia.org/wiki/List_of_commercial_video_games_with_later_released_source_code,accepted-canonical-inherited-unreviewed,GPL-3.0,GPL-3.0,game-source,unknown,medium,medium,Seeded from canonical data; refresh with primary-source evidence before treating provenance or authorization as current.,unknown,not-leak,source-code,unknown,unknown,
cand-warzone-2100,warzone-2100,Warzone 2100,1999,Pumpkin Studios,resolved-to-canonical,secondary-research;github,2026-10-07,inherited from canonical dataset,https://en.wikipedia.org/wiki/List_of_commercial_video_games_with_later_released_source_code,accepted-canonical-inherited-unreviewed,GPL-2.0,GPL-2.0,game-source,unknown,medium,medium,Seeded from canonical data; refresh with primary-source evidence before treating provenance or authorization as current.,unknown,not-leak,source-code,unknown,unknown,
cand-space-engineers,space-engineers,Space Engineers,2013,Keen Software House,resolved-to-canonical,secondary-research;github,2026-10-07,inherited from canonical dataset,https://en.wikipedia.org/wiki/List_of_commercial_video_games_with_later_released_source_code,accepted-canonical-inherited-unreviewed,Source-available proprietary license,Source-available proprietary license,unknown,authorized-restricted-or-unknown,medium,medium,Seeded from canonical data; refresh with primary-source evidence before treating provenance or authorization as current.,unknown,not-leak,source-code,unknown,unknown,
cand-prince-of-persia,prince-of-persia,Prince of Persia,1989,Broderbund / Jordan Mechner,resolved-to-canonical,secondary-research;primary-or-other,2026-10-07,inherited from canonical dataset,https://en.wikipedia.org/wiki/List_of_commercial_video_games_with_later_released_source_code,accepted-canonical-inherited-unreviewed,Source available,Source available,unknown,unknown,medium,medium,Seeded from canonical data; refresh with primary-source evidence before treating provenance or authorization as current.,unknown,not-leak,source-code,unknown,unknown,
cand-simcity-micropolis,simcity-micropolis,SimCity / Micropolis,1989,Maxis / Will Wright,resolved-to-canonical,secondary-research;github,2026-10-07,inherited from canonical dataset,https://en.wikipedia.org/wiki/List_of_commercial_video_games_with_later_released_source_code,accepted-canonical-inherited-unreviewed,GPL,GPL,game-source,unknown,medium,medium,Seeded from canonical data; refresh with primary-source evidence before treating provenance or authorization as current.,unknown,not-leak,source-code,unknown,unknown,
cand-star-control-ii-the-ur-quan-masters,star-control-ii-the-ur-quan-masters,Star Control II / The Ur-Quan Masters,1992,Accolade / Toys for Bob,resolved-to-canonical,secondary-research;github,2026-10-07,inherited from canonical dataset,https://en.wikipedia.org/wiki/List_of_commercial_video_games_with_later_released_source_code,accepted-canonical-inherited-unreviewed,GPL / open content components,GPL / open content components,game-source,unknown,medium,medium,Seeded from canonical data; refresh with primary-source evidence before treating provenance or authorization as current.,unknown,not-leak,source-code,unknown,unknown,
cand-marathon,marathon,Marathon,1994,Bungie,resolved-to-canonical,secondary-research;github,2026-10-07,inherited from canonical dataset,https://en.wikipedia.org/wiki/List_of_commercial_video_games_with_later_released_source_code,accepted-canonical-inherited-unreviewed,GPL/Open assets depending component,GPL/Open assets depending component,game-source,unknown,medium,medium,Seeded from canonical data; refresh with primary-source evidence before treating provenance or authorization as current.,unknown,not-leak,source-code,unknown,unknown,
cand-marathon-2-durandal,marathon-2-durandal,Marathon 2: Durandal,1995,Bungie,resolved-to-canonical,secondary-research;github,2026-10-07,inherited from canonical dataset,https://en.wikipedia.org/wiki/List_of_commercial_video_games_with_later_released_source_code,accepted-canonical-inherited-unreviewed,GPL/Open assets depending component,GPL/Open assets depending component,game-source,unknown,medium,medium,Seeded from canonical data; refresh with primary-source evidence before treating provenance or authorization as current.,unknown,not-leak,source-code,unknown,unknown,
cand-marathon-infinity,marathon-infinity,Marathon Infinity,1996,Bungie,resolved-to-canonical,secondary-research;github,2026-10-07,inherited from canonical dataset,https://en.wikipedia.org/wiki/List_of_commercial_video_games_with_later_released_source_code,accepted-canonical-inherited-unreviewed,GPL/Open assets depending component,GPL/Open assets depending component,game-source,unknown,medium,medium,Seeded from canonical data; refresh with primary-source evidence before treating provenance or authorization as current.,unknown,not-leak,source-code,unknown,unknown,
cand-heretic,heretic,Heretic,1994,Raven Software,resolved-to-canonical,secondary-research;github,2026-10-07,inherited from canonical dataset,https://en.wikipedia.org/wiki/List_of_commercial_video_games_with_later_released_source_code,accepted-canonical-inherited-unreviewed,GPL-2.0,GPL-2.0,game-source-assets-separate,unknown,medium,medium,Seeded from canonical data; refresh with primary-source evidence before treating provenance or authorization as current.,unknown,not-leak,source-code,unknown,unknown,
cand-hexen-beyond-heretic,hexen-beyond-heretic,Hexen: Beyond Heretic,1995,Raven Software,resolved-to-canonical,secondary-research;github,2026-10-07,inherited from canonical dataset,https://en.wikipedia.org/wiki/List_of_commercial_video_games_with_later_released_source_code,accepted-canonical-inherited-unreviewed,GPL-2.0,GPL-2.0,game-source-assets-separate,unknown,medium,medium,Seeded from canonical data; refresh with primary-source evidence before treating provenance or authorization as current.,unknown,not-leak,source-code,unknown,unknown,
cand-hexen-ii,hexen-ii,Hexen II,1997,Raven Software,resolved-to-canonical,secondary-research;github,2026-10-07,inherited from canonical dataset,https://en.wikipedia.org/wiki/List_of_commercial_video_games_with_later_released_source_code,accepted-canonical-inherited-unreviewed,GPL-2.0-or-later,GPL-2.0-or-later,game-source-assets-separate,unknown,medium,medium,Seeded from canonical data; refresh with primary-source evidence before treating provenance or authorization as current.,unknown,not-leak,source-code,unknown,unknown,
cand-strife,strife,Strife,1996,Rogue Entertainment,resolved-to-canonical,secondary-research;github,2026-10-07,inherited from canonical dataset,https://en.wikipedia.org/wiki/List_of_commercial_video_games_with_later_released_source_code,accepted-canonical-inherited-unreviewed,GPL-2.0-or-later,GPL-2.0-or-later,game-source-assets-separate,unknown,medium,medium,Seeded from canonical data; refresh with primary-source evidence before treating provenance or authorization as current.,unknown,not-leak,source-code,unknown,unknown,
cand-heretic-ii,heretic-ii,Heretic II,1998,Raven Software,resolved-to-canonical,secondary-research;primary-or-other,2026-10-07,inherited from canonical dataset,https://en.wikipedia.org/wiki/List_of_commercial_video_games_with_later_released_source_code,accepted-canonical-inherited-unreviewed,Proprietary source/SDK,Proprietary source/SDK,game-source-assets-separate,authorized-restricted-or-unknown,medium,medium,Seeded from canonical data; refresh with primary-source evidence before treating provenance or authorization as current.,unknown,not-leak,source-code,unknown,unknown,
cand-shadow-warrior,shadow-warrior,Shadow Warrior,1997,3D Realms / Apogee,resolved-to-canonical,secondary-research;primary-or-other,2026-10-07,inherited from canonical dataset,https://en.wikipedia.org/wiki/List_of_commercial_video_games_with_later_released_source_code,accepted-canonical-inherited-unreviewed,GPL-2.0,GPL-2.0,game-source-assets-separate,unknown,medium,medium,Seeded from canonical data; refresh with primary-source evidence before treating provenance or authorization as current.,unknown,not-leak,source-code,unknown,unknown,
cand-rise-of-the-triad,rise-of-the-triad,Rise of the Triad,1994,Apogee / 3D Realms,resolved-to-canonical,secondary-research;primary-or-other,2026-10-07,inherited from canonical dataset,https://en.wikipedia.org/wiki/List_of_commercial_video_games_with_later_released_source_code,accepted-canonical-inherited-unreviewed,GPL-2.0,GPL-2.0,game-source-assets-separate,unknown,medium,medium,Seeded from canonical data; refresh with primary-source evidence before treating provenance or authorization as current.,unknown,not-leak,source-code,unknown,unknown,
cand-sin,sin,SiN,1998,Ritual Entertainment,resolved-to-canonical,secondary-research;primary-or-other,2026-10-07,inherited from canonical dataset,https://en.wikipedia.org/wiki/List_of_commercial_video_games_with_later_released_source_code,accepted-canonical-inherited-unreviewed,GPL-2.0,GPL-2.0,game-source-assets-separate,unknown,medium,medium,Seeded from canonical data; refresh with primary-source evidence before treating provenance or authorization as current.,unknown,not-leak,source-code,unknown,unknown,
cand-kingpin-life-of-crime,kingpin-life-of-crime,Kingpin: Life of Crime,1999,Xatrix Entertainment,resolved-to-canonical,secondary-research;primary-or-other,2026-10-07,inherited from canonical dataset,https://en.wikipedia.org/wiki/List_of_commercial_video_games_with_later_released_source_code,accepted-canonical-inherited-unreviewed,GPL-2.0,GPL-2.0,game-source-assets-separate,unknown,medium,medium,Seeded from canonical data; refresh with primary-source evidence before treating provenance or authorization as current.,unknown,not-leak,source-code,unknown,unknown,
cand-heavy-metal-f-a-k-k-2,heavy-metal-f-a-k-k-2,Heavy Metal: F.A.K.K. 2,2000,Ritual Entertainment,resolved-to-canonical,secondary-research;primary-or-other,2026-10-07,inherited from canonical dataset,https://en.wikipedia.org/wiki/List_of_commercial_video_games_with_later_released_source_code,accepted-canonical-inherited-unreviewed,Proprietary source/SDK,Proprietary source/SDK,game-source-assets-separate,authorized-restricted-or-unknown,medium,medium,Seeded from canonical data; refresh with primary-source evidence before treating provenance or authorization as current.,unknown,not-leak,source-code,unknown,unknown,
cand-soldier-of-fortune,soldier-of-fortune,Soldier of Fortune,2000,Raven Software,resolved-to-canonical,secondary-research;primary-or-other,2026-10-07,inherited from canonical dataset,https://en.wikipedia.org/wiki/List_of_commercial_video_games_with_later_released_source_code,accepted-canonical-inherited-unreviewed,Proprietary source/SDK,Proprietary source/SDK,sdk-only,authorized-restricted-or-unknown,medium,medium,Seeded from canonical data; refresh with primary-source evidence before treating provenance or authorization as current.,unknown,not-leak,source-code,unknown,unknown,
cand-soldier-of-fortune-ii-double-helix,soldier-of-fortune-ii-double-helix,Soldier of Fortune II: Double Helix,2002,Raven Software,resolved-to-canonical,secondary-research;primary-or-other,2026-10-07,inherited from canonical dataset,https://en.wikipedia.org/wiki/List_of_commercial_video_games_with_later_released_source_code,accepted-canonical-inherited-unreviewed,Proprietary source/SDK,Proprietary source/SDK,sdk-only,authorized-restricted-or-unknown,medium,medium,Seeded from canonical data; refresh with primary-source evidence before treating provenance or authorization as current.,unknown,not-leak,source-code,unknown,unknown,
cand-star-trek-voyager-elite-force,star-trek-voyager-elite-force,Star Trek: Voyager – Elite Force,2000,Raven Software,resolved-to-canonical,secondary-research;primary-or-other,2026-10-07,inherited from canonical dataset,https://en.wikipedia.org/wiki/List_of_commercial_video_games_with_later_released_source_code,accepted-canonical-inherited-unreviewed,Source/SDK availability,Source/SDK availability,sdk-only,unknown,medium,medium,Seeded from canonical data; refresh with primary-source evidence before treating provenance or authorization as current.,unknown,not-leak,source-code,unknown,unknown,
cand-aliens-versus-predator,aliens-versus-predator,Aliens versus Predator,1999,Rebellion Developments,resolved-to-canonical,secondary-research;primary-or-other,2026-10-07,inherited from canonical dataset,https://en.wikipedia.org/wiki/List_of_commercial_video_games_with_later_released_source_code,accepted-canonical-inherited-unreviewed,Non-commercial source license,Non-commercial source license,game-source-assets-separate,authorized-restricted-or-unknown,medium,medium,Seeded from canonical data; refresh with primary-source evidence before treating provenance or authorization as current.,unknown,not-leak,source-code,unknown,unknown,
cand-no-one-lives-forever,no-one-lives-forever,No One Lives Forever,2000,Monolith Productions,resolved-to-canonical,secondary-research;primary-or-other,2026-10-07,inherited from canonical dataset,https://en.wikipedia.org/wiki/List_of_commercial_video_games_with_later_released_source_code,accepted-canonical-inherited-unreviewed,Proprietary / toolkit source,Proprietary / toolkit source,game-source-assets-separate,authorized-restricted-or-unknown,medium,medium,Seeded from canonical data; refresh with primary-source evidence before treating provenance or authorization as current.,unknown,not-leak,source-code,unknown,unknown,
cand-no-one-lives-forever-2,no-one-lives-forever-2,No One Lives Forever 2,2002,Monolith Productions,resolved-to-canonical,secondary-research;primary-or-other,2026-10-07,inherited from canonical dataset,https://en.wikipedia.org/wiki/List_of_commercial_video_games_with_later_released_source_code,accepted-canonical-inherited-unreviewed,Source-available/toolkit release,Source-available/toolkit release,game-source-assets-separate,authorized-restricted-or-unknown,medium,medium,Seeded from canonical data; refresh with primary-source evidence before treating provenance or authorization as current.,unknown,not-leak,source-code,unknown,unknown,
cand-natural-selection,natural-selection,Natural Selection,2002,Unknown Worlds,resolved-to-canonical,secondary-research;primary-or-other,2026-10-07,inherited from canonical dataset,https://en.wikipedia.org/wiki/List_of_commercial_video_games_with_later_released_source_code,accepted-canonical-inherited-unreviewed,Source-available community code,Source-available community code,unknown,authorized-restricted-or-unknown,medium,medium,Seeded from canonical data; refresh with primary-source evidence before treating provenance or authorization as current.,unknown,not-leak,source-code,unknown,unknown,
cand-canabalt,canabalt,Canabalt,2009,Adam Saltsman,resolved-to-canonical,secondary-research;primary-or-other,2026-10-07,inherited from canonical dataset,https://en.wikipedia.org/wiki/List_of_commercial_video_games_with_later_released_source_code,accepted-canonical-inherited-unreviewed,Source available,Source available,game-source-assets-separate,unknown,medium,medium,Seeded from canonical data; refresh with primary-source evidence before treating provenance or authorization as current.,unknown,not-leak,source-code,unknown,unknown,
cand-vvvvvv,vvvvvv,VVVVVV,2010,Terry Cavanagh,resolved-to-canonical,secondary-research;github,2026-10-07,inherited from canonical dataset,https://en.wikipedia.org/wiki/List_of_commercial_video_games_with_later_released_source_code,accepted-canonical-inherited-unreviewed,Custom source license,Custom source license,unknown,authorized-restricted-or-unknown,medium,medium,Seeded from canonical data; refresh with primary-source evidence before treating provenance or authorization as current.,unknown,not-leak,source-code,unknown,unknown,
cand-overgrowth,overgrowth,Overgrowth,2017,Wolfire Games,resolved-to-canonical,secondary-research;github,2026-10-07,inherited from canonical dataset,https://en.wikipedia.org/wiki/List_of_commercial_video_games_with_later_released_source_code,accepted-canonical-inherited-unreviewed,Apache-2.0 source,Apache-2.0 source,game-source,unknown,medium,medium,Seeded from canonical data; refresh with primary-source evidence before treating provenance or authorization as current.,unknown,not-leak,source-code,unknown,unknown,
cand-lugaru,lugaru,Lugaru,2005,Wolfire Games,resolved-to-canonical,secondary-research;github,2026-10-07,inherited from canonical dataset,https://en.wikipedia.org/wiki/List_of_commercial_video_games_with_later_released_source_code,accepted-canonical-inherited-unreviewed,GPL-2.0-or-later,GPL-2.0-or-later,game-source,unknown,medium,medium,Seeded from canonical data; refresh with primary-source evidence before treating provenance or authorization as current.,unknown,not-leak,source-code,unknown,unknown,
cand-aquaria,aquaria,Aquaria,2007,Bit Blot,resolved-to-canonical,secondary-research;primary-or-other,2026-10-07,inherited from canonical dataset,https://en.wikipedia.org/wiki/List_of_commercial_video_games_with_later_released_source_code,accepted-canonical-inherited-unreviewed,GPL-3.0,GPL-3.0,game-source,unknown,medium,medium,Seeded from canonical data; refresh with primary-source evidence before treating provenance or authorization as current.,unknown,not-leak,source-code,unknown,unknown,
cand-gish,gish,Gish,2004,Cryptic Sea,resolved-to-canonical,secondary-research;primary-or-other,2026-10-07,inherited from canonical dataset,https://en.wikipedia.org/wiki/List_of_commercial_video_games_with_later_released_source_code,accepted-canonical-inherited-unreviewed,GPL,GPL,game-source,unknown,medium,medium,Seeded from canonical data; refresh with primary-source evidence before treating provenance or authorization as current.,unknown,not-leak,source-code,unknown,unknown,
cand-amnesia-the-dark-descent,amnesia-the-dark-descent,Amnesia: The Dark Descent,2010,Frictional Games,resolved-to-canonical,secondary-research;github,2026-10-07,inherited from canonical dataset,https://en.wikipedia.org/wiki/List_of_commercial_video_games_with_later_released_source_code,accepted-canonical-inherited-unreviewed,GPL-3.0,GPL-3.0,game-source-assets-separate,unknown,medium,medium,Seeded from canonical data; refresh with primary-source evidence before treating provenance or authorization as current.,unknown,not-leak,source-code,unknown,unknown,
cand-penumbra-overture,penumbra-overture,Penumbra: Overture,2007,Frictional Games,resolved-to-canonical,secondary-research;github,2026-10-07,inherited from canonical dataset,https://en.wikipedia.org/wiki/List_of_commercial_video_games_with_later_released_source_code,accepted-canonical-inherited-unreviewed,GPL-3.0-or-later,GPL-3.0-or-later,game-source-assets-separate,unknown,medium,medium,Seeded from canonical data; refresh with primary-source evidence before treating provenance or authorization as current.,unknown,not-leak,source-code,unknown,unknown,
cand-arx-fatalis,arx-fatalis,Arx Fatalis,2002,Arkane Studios,resolved-to-canonical,secondary-research;github,2026-10-07,inherited from canonical dataset,https://en.wikipedia.org/wiki/List_of_commercial_video_games_with_later_released_source_code,accepted-canonical-inherited-unreviewed,GPL-3.0,GPL-3.0,game-source-assets-separate,unknown,medium,medium,Seeded from canonical data; refresh with primary-source evidence before treating provenance or authorization as current.,unknown,not-leak,source-code,unknown,unknown,
cand-postal,postal,Postal,1997,Running With Scissors,resolved-to-canonical,secondary-research;primary-or-other,2026-10-07,inherited from canonical dataset,https://en.wikipedia.org/wiki/List_of_commercial_video_games_with_later_released_source_code,accepted-canonical-inherited-unreviewed,GPL-2.0,GPL-2.0,game-source-assets-separate,unknown,medium,medium,Seeded from canonical data; refresh with primary-source evidence before treating provenance or authorization as current.,unknown,not-leak,source-code,unknown,unknown,
cand-tread-marks,tread-marks,Tread Marks,2000,Longbow Games,resolved-to-canonical,secondary-research;primary-or-other,2026-10-07,inherited from canonical dataset,https://en.wikipedia.org/wiki/List_of_commercial_video_games_with_later_released_source_code,accepted-canonical-inherited-unreviewed,GPL-3.0,GPL-3.0,game-source,unknown,medium,medium,Seeded from canonical data; refresh with primary-source evidence before treating provenance or authorization as current.,unknown,not-leak,source-code,unknown,unknown,
cand-dink-smallwood,dink-smallwood,Dink Smallwood,1997,Robbins Entertainment,resolved-to-canonical,secondary-research;primary-or-other,2026-10-07,inherited from canonical dataset,https://en.wikipedia.org/wiki/List_of_commercial_video_games_with_later_released_source_code,accepted-canonical-inherited-unreviewed,Source available / GPL components,Source available / GPL components,unknown,unknown,medium,medium,Seeded from canonical data; refresh with primary-source evidence before treating provenance or authorization as current.,unknown,not-leak,source-code,unknown,unknown,
cand-rogue-legacy,rogue-legacy,Rogue Legacy,2013,Cellar Door Games,resolved-to-canonical,secondary-research;primary-or-other,2026-10-07,inherited from canonical dataset,https://en.wikipedia.org/wiki/List_of_commercial_video_games_with_later_released_source_code,accepted-canonical-inherited-unreviewed,Custom source license,Custom source license,game-source-assets-separate,authorized-restricted-or-unknown,medium,medium,Seeded from canonical data; refresh with primary-source evidence before treating provenance or authorization as current.,unknown,not-leak,source-code,unknown,unknown,
cand-duelyst,duelyst,Duelyst,2016,Counterplay Games,resolved-to-canonical,secondary-research;primary-or-other,2026-10-07,inherited from canonical dataset,https://en.wikipedia.org/wiki/List_of_commercial_video_games_with_later_released_source_code,accepted-canonical-inherited-unreviewed,MIT / CC0,MIT / CC0,unknown,unknown,medium,medium,Seeded from canonical data; refresh with primary-source evidence before treating provenance or authorization as current.,unknown,not-leak,source-code,unknown,unknown,
cand-red-dog-superior-firepower,red-dog-superior-firepower,Red Dog: Superior Firepower,2000,Argonaut Games,resolved-to-canonical,secondary-research;primary-or-other,2026-10-07,inherited from canonical dataset,https://en.wikipedia.org/wiki/List_of_commercial_video_games_with_later_released_source_code,accepted-canonical-inherited-unreviewed,MIT,MIT,game-source-assets-separate,unknown,medium,medium,Seeded from canonical data; refresh with primary-source evidence before treating provenance or authorization as current.,unknown,not-leak,source-code,unknown,unknown,
cand-raptor-call-of-the-shadows,raptor-call-of-the-shadows,Raptor: Call of the Shadows,1994,Apogee / Cygnus,resolved-to-canonical,secondary-research;primary-or-other,2026-10-07,inherited from canonical dataset,https://en.wikipedia.org/wiki/List_of_commercial_video_games_with_later_released_source_code,accepted-canonical-inherited-unreviewed,GPL-2.0-or-later,GPL-2.0-or-later,unknown,unknown,medium,medium,Seeded from canonical data; refresh with primary-source evidence before treating provenance or authorization as current.,unknown,not-leak,source-code,unknown,unknown,
cand-shadowgun-deadzone,shadowgun-deadzone,Shadowgun: DeadZone,2012,MADFINGER Games,resolved-to-canonical,secondary-research;primary-or-other,2026-10-07,inherited from canonical dataset,https://en.wikipedia.org/wiki/List_of_commercial_video_games_with_later_released_source_code,accepted-canonical-inherited-unreviewed,Source/public license with restrictions,Source/public license with restrictions,unknown,unknown,medium,medium,Seeded from canonical data; refresh with primary-source evidence before treating provenance or authorization as current.,unknown,not-leak,source-code,unknown,unknown,
cand-blades-of-exile,blades-of-exile,Blades of Exile,1997,Spiderweb Software,resolved-to-canonical,secondary-research;primary-or-other,2026-10-07,inherited from canonical dataset,https://en.wikipedia.org/wiki/List_of_commercial_video_games_with_later_released_source_code,accepted-canonical-inherited-unreviewed,GPL-2.0-only,GPL-2.0-only,unknown,unknown,medium,medium,Seeded from canonical data; refresh with primary-source evidence before treating provenance or authorization as current.,unknown,not-leak,source-code,unknown,unknown,
cand-clonk-series,clonk-series,Clonk series,1994,RedWolf Design,resolved-to-canonical,secondary-research;github,2026-10-07,inherited from canonical dataset,https://en.wikipedia.org/wiki/List_of_commercial_video_games_with_later_released_source_code,accepted-canonical-inherited-unreviewed,ISC source; CC variants for content,ISC source; CC variants for content,unknown,unknown,medium,medium,Seeded from canonical data; refresh with primary-source evidence before treating provenance or authorization as current.,unknown,not-leak,source-code,unknown,unknown,
cand-colobot,colobot,Colobot,2001,Epsitec SA,resolved-to-canonical,secondary-research;github,2026-10-07,inherited from canonical dataset,https://en.wikipedia.org/wiki/List_of_commercial_video_games_with_later_released_source_code,accepted-canonical-inherited-unreviewed,GPL-3.0,GPL-3.0,game-source,unknown,medium,medium,Seeded from canonical data; refresh with primary-source evidence before treating provenance or authorization as current.,unknown,not-leak,source-code,unknown,unknown,
cand-abuse,abuse,Abuse,1995,Crack dot Com,resolved-to-canonical,secondary-research;github,2026-10-07,inherited from canonical dataset,https://en.wikipedia.org/wiki/List_of_commercial_video_games_with_later_released_source_code,accepted-canonical-inherited-unreviewed,Public domain source,Public domain source,game-source,unknown,medium,medium,Seeded from canonical data; refresh with primary-source evidence before treating provenance or authorization as current.,unknown,not-leak,source-code,unknown,unknown,
cand-astromenace,astromenace,AstroMenace,2006,Viewizard,resolved-to-canonical,secondary-research;primary-or-other,2026-10-07,inherited from canonical dataset,https://en.wikipedia.org/wiki/List_of_commercial_video_games_with_later_released_source_code,accepted-canonical-inherited-unreviewed,GPL-3.0-or-later,GPL-3.0-or-later,game-source,unknown,medium,medium,Seeded from canonical data; refresh with primary-source evidence before treating provenance or authorization as current.,unknown,not-leak,source-code,unknown,unknown,
cand-glitch,glitch,Glitch,2009,Tiny Speck,resolved-to-canonical,secondary-research;primary-or-other,2026-10-07,inherited from canonical dataset,https://en.wikipedia.org/wiki/List_of_commercial_video_games_with_later_released_source_code,accepted-canonical-inherited-unreviewed,CC0 for released portions,CC0 for released portions,unknown,unknown,medium,medium,Seeded from canonical data; refresh with primary-source evidence before treating provenance or authorization as current.,unknown,not-leak,source-code,unknown,unknown,
cand-habitat,habitat,Habitat,1985,Lucasfilm Games,resolved-to-canonical,secondary-research;primary-or-other,2026-10-07,inherited from canonical dataset,https://en.wikipedia.org/wiki/List_of_commercial_video_games_with_later_released_source_code,accepted-canonical-inherited-unreviewed,MIT,MIT,unknown,unknown,medium,medium,Seeded from canonical data; refresh with primary-source evidence before treating provenance or authorization as current.,unknown,not-leak,source-code,unknown,unknown,
cand-god-of-thunder,god-of-thunder,God of Thunder,1993,Adept Software,resolved-to-canonical,secondary-research;primary-or-other,2026-10-07,inherited from canonical dataset,https://en.wikipedia.org/wiki/List_of_commercial_video_games_with_later_released_source_code,accepted-canonical-inherited-unreviewed,Public domain source/assets,Public domain source/assets,game-source,authorized,medium,medium,Seeded from canonical data; refresh with primary-source evidence before treating provenance or authorization as current.,unknown,not-leak,source-code,unknown,unknown,
cand-gravity-force-2,gravity-force-2,Gravity Force 2,1994,Jens Andersson / Jan Kronqvist,resolved-to-canonical,secondary-research;primary-or-other,2026-10-07,inherited from canonical dataset,https://en.wikipedia.org/wiki/List_of_commercial_video_games_with_later_released_source_code,accepted-canonical-inherited-unreviewed,CC BY-SA 4.0,CC BY-SA 4.0,game-source,unknown,medium,medium,Seeded from canonical data; refresh with primary-source evidence before treating provenance or authorization as current.,unknown,not-leak,source-code,unknown,unknown,
cand-megaball,megaball,MegaBall,1991,Mackey Software,resolved-to-canonical,secondary-research;primary-or-other,2026-10-07,inherited from canonical dataset,https://en.wikipedia.org/wiki/List_of_commercial_video_games_with_later_released_source_code,accepted-canonical-inherited-unreviewed,Apache-2.0,Apache-2.0,game-source,authorized,medium,medium,Seeded from canonical data; refresh with primary-source evidence before treating provenance or authorization as current.,unknown,not-leak,source-code,unknown,unknown,
cand-maelstrom,maelstrom,Maelstrom,1992,Ambrosia Software,resolved-to-canonical,secondary-research;primary-or-other,2026-10-07,inherited from canonical dataset,https://en.wikipedia.org/wiki/List_of_commercial_video_games_with_later_released_source_code,accepted-canonical-inherited-unreviewed,GPL-2.0-only,GPL-2.0-only,game-source,unknown,medium,medium,Seeded from canonical data; refresh with primary-source evidence before treating provenance or authorization as current.,unknown,not-leak,source-code,unknown,unknown,
cand-inside-a-star-filled-sky,inside-a-star-filled-sky,Inside a Star-Filled Sky,2011,Jason Rohrer,resolved-to-canonical,secondary-research;primary-or-other,2026-10-07,inherited from canonical dataset,https://en.wikipedia.org/wiki/List_of_commercial_video_games_with_later_released_source_code,accepted-canonical-inherited-unreviewed,Public domain,Public domain,game-source,unknown,medium,medium,Seeded from canonical data; refresh with primary-source evidence before treating provenance or authorization as current.,unknown,not-leak,source-code,unknown,unknown,
cand-kroz,kroz,Kroz,1987,Apogee Software,resolved-to-canonical,secondary-research;primary-or-other,2026-10-07,inherited from canonical dataset,https://en.wikipedia.org/wiki/List_of_commercial_video_games_with_later_released_source_code,accepted-canonical-inherited-unreviewed,GPL-2.0-or-later,GPL-2.0-or-later,game-source,unknown,medium,medium,Seeded from canonical data; refresh with primary-source evidence before treating provenance or authorization as current.,unknown,not-leak,source-code,unknown,unknown,
cand-beyond-the-titanic,beyond-the-titanic,Beyond the Titanic,1986,Apogee Software,resolved-to-canonical,secondary-research;primary-or-other,2026-10-07,inherited from canonical dataset,https://en.wikipedia.org/wiki/List_of_commercial_video_games_with_later_released_source_code,accepted-canonical-inherited-unreviewed,GPL-2.0-or-later,GPL-2.0-or-later,game-source,unknown,medium,medium,Seeded from canonical data; refresh with primary-source evidence before treating provenance or authorization as current.,unknown,not-leak,source-code,unknown,unknown,
cand-escape-towards-the-unknown,escape-towards-the-unknown,Escape Towards the Unknown,1998,Hurricane Studios,resolved-to-canonical,secondary-research;primary-or-other,2026-10-07,inherited from canonical dataset,https://en.wikipedia.org/wiki/List_of_commercial_video_games_with_later_released_source_code,accepted-canonical-inherited-unreviewed,GPL-2.0-only,GPL-2.0-only,game-source,unknown,medium,medium,Seeded from canonical data; refresh with primary-source evidence before treating provenance or authorization as current.,unknown,not-leak,source-code,unknown,unknown,
cand-eat-the-whistle-france-98,eat-the-whistle-france-98,Eat The Whistle - France 98,1998,Hurricane Studios,resolved-to-canonical,secondary-research;primary-or-other,2026-10-07,inherited from canonical dataset,https://en.wikipedia.org/wiki/List_of_commercial_video_games_with_later_released_source_code,accepted-canonical-inherited-unreviewed,GPL-2.0-only,GPL-2.0-only,game-source,unknown,medium,medium,Seeded from canonical data; refresh with primary-source evidence before treating provenance or authorization as current.,unknown,not-leak,source-code,unknown,unknown,
cand-fish-fillets,fish-fillets,Fish Fillets,1998,ALTAR Games,resolved-to-canonical,secondary-research;github,2026-10-07,inherited from canonical dataset,https://en.wikipedia.org/wiki/List_of_commercial_video_games_with_later_released_source_code,accepted-canonical-inherited-unreviewed,GPL-2.0-or-later,GPL-2.0-or-later,game-source,unknown,medium,medium,Seeded from canonical data; refresh with primary-source evidence before treating provenance or authorization as current.,unknown,not-leak,source-code,unknown,unknown,
cand-gladiator-openglad,gladiator-openglad,Gladiator / OpenGlad,1995,Forgotten Sages Games,resolved-to-canonical,secondary-research;primary-or-other,2026-10-07,inherited from canonical dataset,https://en.wikipedia.org/wiki/List_of_commercial_video_games_with_later_released_source_code,accepted-canonical-inherited-unreviewed,GPL-2.0,GPL-2.0,game-source,unknown,medium,medium,Seeded from canonical data; refresh with primary-source evidence before treating provenance or authorization as current.,unknown,not-leak,source-code,unknown,unknown,
cand-lemonade-stand,lemonade-stand,Lemonade Stand,1973,MECC,resolved-to-canonical,secondary-research;primary-or-other,2026-10-07,inherited from canonical dataset,https://en.wikipedia.org/wiki/List_of_commercial_video_games_with_later_released_source_code,accepted-canonical-inherited-unreviewed,Public domain,Public domain,unknown,unknown,medium,medium,Seeded from canonical data; refresh with primary-source evidence before treating provenance or authorization as current.,unknown,not-leak,source-code,unknown,unknown,
cand-adventureland,adventureland,Adventureland,1978,Scott Adams,resolved-to-canonical,secondary-research;primary-or-other,2026-10-07,inherited from canonical dataset,https://en.wikipedia.org/wiki/List_of_commercial_video_games_with_later_released_source_code,accepted-canonical-inherited-unreviewed,Public domain,Public domain,unknown,unknown,medium,medium,Seeded from canonical data; refresh with primary-source evidence before treating provenance or authorization as current.,unknown,not-leak,source-code,unknown,unknown,
cand-colossal-cave-adventure,colossal-cave-adventure,Colossal Cave Adventure,1976,Will Crowther / Don Woods,resolved-to-canonical,secondary-research;primary-or-other,2026-10-07,inherited from canonical dataset,https://en.wikipedia.org/wiki/List_of_commercial_video_games_with_later_released_source_code,accepted-canonical-inherited-unreviewed,Public domain / BSD variants,Public domain / BSD variants,unknown,unknown,medium,medium,Seeded from canonical data; refresh with primary-source evidence before treating provenance or authorization as current.,unknown,not-leak,source-code,unknown,unknown,
cand-dragonfire,dragonfire,Dragonfire,1982,Imagic / Bob Smith,resolved-to-canonical,secondary-research;primary-or-other,2026-10-07,inherited from canonical dataset,https://en.wikipedia.org/wiki/List_of_commercial_video_games_with_later_released_source_code,accepted-canonical-inherited-unreviewed,Public domain,Public domain,unknown,authorized,medium,medium,Seeded from canonical data; refresh with primary-source evidence before treating provenance or authorization as current.,unknown,not-leak,source-code,unknown,unknown,
cand-dandy,dandy,Dandy,1983,John Howard Palevich,resolved-to-canonical,secondary-research;primary-or-other,2026-10-07,inherited from canonical dataset,https://en.wikipedia.org/wiki/List_of_commercial_video_games_with_later_released_source_code,accepted-canonical-inherited-unreviewed,Apache-2.0,Apache-2.0,game-source,authorized,medium,medium,Seeded from canonical data; refresh with primary-source evidence before treating provenance or authorization as current.,unknown,not-leak,source-code,unknown,unknown,
cand-ant-eater,ant-eater,Ant-Eater,1983,Eddy Fries,resolved-to-canonical,secondary-research;primary-or-other,2026-10-07,inherited from canonical dataset,https://en.wikipedia.org/wiki/List_of_commercial_video_games_with_later_released_source_code,accepted-canonical-inherited-unreviewed,MIT,MIT,unknown,authorized,medium,medium,Seeded from canonical data; refresh with primary-source evidence before treating provenance or authorization as current.,unknown,not-leak,source-code,unknown,unknown,
cand-bird-strike,bird-strike,Bird Strike,1984,Andy Frigaard,resolved-to-canonical,secondary-research;primary-or-other,2026-10-07,inherited from canonical dataset,https://en.wikipedia.org/wiki/List_of_commercial_video_games_with_later_released_source_code,accepted-canonical-inherited-unreviewed,GPL-3.0,GPL-3.0,unknown,authorized,medium,medium,Seeded from canonical data; refresh with primary-source evidence before treating provenance or authorization as current.,unknown,not-leak,source-code,unknown,unknown,
cand-alien-bash-i-ii,alien-bash-i-ii,Alien Bash I+II,1993,Glen Cumming,resolved-to-canonical,secondary-research;primary-or-other,2026-10-07,inherited from canonical dataset,https://en.wikipedia.org/wiki/List_of_commercial_video_games_with_later_released_source_code,accepted-canonical-inherited-unreviewed,Public domain,Public domain,game-source,unknown,medium,medium,Seeded from canonical data; refresh with primary-source evidence before treating provenance or authorization as current.,unknown,not-leak,source-code,unknown,unknown,
cand-cylindrix,cylindrix,Cylindrix,1996,Goldtree Enterprises / Softdisk,resolved-to-canonical,secondary-research;primary-or-other,2026-10-07,inherited from canonical dataset,https://en.wikipedia.org/wiki/List_of_commercial_video_games_with_later_released_source_code,accepted-canonical-inherited-unreviewed,LGPL-2.0-only,LGPL-2.0-only,game-source,unknown,medium,medium,Seeded from canonical data; refresh with primary-source evidence before treating provenance or authorization as current.,unknown,not-leak,source-code,unknown,unknown,
cand-cytadela-the-citadel,cytadela-the-citadel,Cytadela / The Citadel,1995,Virtual Design,resolved-to-canonical,secondary-research;primary-or-other,2026-10-07,inherited from canonical dataset,https://en.wikipedia.org/wiki/List_of_commercial_video_games_with_later_released_source_code,accepted-canonical-inherited-unreviewed,GPL-3.0-or-later,GPL-3.0-or-later,game-source,unknown,medium,medium,Seeded from canonical data; refresh with primary-source evidence before treating provenance or authorization as current.,unknown,not-leak,source-code,unknown,unknown,
cand-halloween-the-new-nightmare,halloween-the-new-nightmare,Halloween: The New Nightmare,2004,Jadeware,resolved-to-canonical,secondary-research;primary-or-other,2026-10-07,inherited from canonical dataset,https://en.wikipedia.org/wiki/List_of_commercial_video_games_with_later_released_source_code,accepted-canonical-inherited-unreviewed,GPL-3.0,GPL-3.0,game-source,unknown,medium,medium,Seeded from canonical data; refresh with primary-source evidence before treating provenance or authorization as current.,unknown,not-leak,source-code,unknown,unknown,
cand-kaiser-ii,kaiser-ii,Kaiser II,1988,Carsten Strotmann,resolved-to-canonical,secondary-research;primary-or-other,2026-10-07,inherited from canonical dataset,https://en.wikipedia.org/wiki/List_of_commercial_video_games_with_later_released_source_code,accepted-canonical-inherited-unreviewed,GPL,GPL,game-source,unknown,medium,medium,Seeded from canonical data; refresh with primary-source evidence before treating provenance or authorization as current.,unknown,not-leak,source-code,unknown,unknown,
cand-memonix,memonix,Memonix,2000,Viewizard,resolved-to-canonical,secondary-research;primary-or-other,2026-10-07,inherited from canonical dataset,https://en.wikipedia.org/wiki/List_of_commercial_video_games_with_later_released_source_code,accepted-canonical-inherited-unreviewed,Source released,Source released,game-source,unknown,medium,medium,Seeded from canonical data; refresh with primary-source evidence before treating provenance or authorization as current.,unknown,not-leak,source-code,unknown,unknown,
cand-pararena-2,pararena-2,Pararena 2,1992,John Calhoun,resolved-to-canonical,secondary-research;primary-or-other,2026-10-07,inherited from canonical dataset,https://en.wikipedia.org/wiki/List_of_commercial_video_games_with_later_released_source_code,accepted-canonical-inherited-unreviewed,MIT,MIT,game-source,unknown,medium,medium,Seeded from canonical data; refresh with primary-source evidence before treating provenance or authorization as current.,unknown,not-leak,source-code,unknown,unknown,
cand-glider,glider,Glider,1990,John Calhoun,resolved-to-canonical,secondary-research;primary-or-other,2026-10-07,inherited from canonical dataset,https://en.wikipedia.org/wiki/List_of_commercial_video_games_with_later_released_source_code,accepted-canonical-inherited-unreviewed,Source available,Source available,unknown,authorized,medium,medium,Seeded from canonical data; refresh with primary-source evidence before treating provenance or authorization as current.,unknown,not-leak,source-code,unknown,unknown,
cand-infinity-game-boy-color,infinity-game-boy-color,Infinity (Game Boy Color),2016,Affinix Software,resolved-to-canonical,secondary-research;primary-or-other,2026-10-07,inherited from canonical dataset,https://en.wikipedia.org/wiki/List_of_commercial_video_games_with_later_released_source_code,accepted-canonical-inherited-unreviewed,Source available,Source available,unknown,unknown,medium,medium,Seeded from canonical data; refresh with primary-source evidence before treating provenance or authorization as current.,unknown,not-leak,source-code,unknown,unknown,
cand-ironseed,ironseed,Ironseed,1994,Jeremy Bolas / AHQ,resolved-to-canonical,secondary-research;primary-or-other,2026-10-07,inherited from canonical dataset,https://en.wikipedia.org/wiki/List_of_commercial_video_games_with_later_released_source_code,accepted-canonical-inherited-unreviewed,Source available,Source available,game-source,unknown,medium,medium,Seeded from canonical data; refresh with primary-source evidence before treating provenance or authorization as current.,unknown,not-leak,source-code,unknown,unknown,
cand-magic-land-island,magic-land-island,Magic Land Island,2012,Wooga,resolved-to-canonical,secondary-research;primary-or-other,2026-10-07,inherited from canonical dataset,https://en.wikipedia.org/wiki/List_of_commercial_video_games_with_later_released_source_code,accepted-canonical-inherited-unreviewed,Source released,Source released,unknown,unknown,medium,medium,Seeded from canonical data; refresh with primary-source evidence before treating provenance or authorization as current.,unknown,not-leak,source-code,unknown,unknown,
cand-pocket-island,pocket-island,Pocket Island,2012,Wooga,resolved-to-canonical,secondary-research;primary-or-other,2026-10-07,inherited from canonical dataset,https://en.wikipedia.org/wiki/List_of_commercial_video_games_with_later_released_source_code,accepted-canonical-inherited-unreviewed,Source released,Source released,unknown,unknown,medium,medium,Seeded from canonical data; refresh with primary-source evidence before treating provenance or authorization as current.,unknown,not-leak,source-code,unknown,unknown,
cand-heartlight,heartlight,Heartlight,1990,X LanD Computer Games / Janusz Pelc,resolved-to-canonical,secondary-research;primary-or-other,2026-10-07,inherited from canonical dataset,https://en.wikipedia.org/wiki/List_of_commercial_video_games_with_later_released_source_code,accepted-canonical-inherited-unreviewed,Unclear/source available,Unclear/source available,unknown,unknown,medium,medium,Seeded from canonical data; refresh with primary-source evidence before treating provenance or authorization as current.,unknown,not-leak,source-code,unknown,unknown,
cand-alpha-waves,alpha-waves,Alpha Waves,1990,Infogrames / Christophe de Dinechin,resolved-to-canonical,secondary-research;primary-or-other,2026-10-07,inherited from canonical dataset,https://en.wikipedia.org/wiki/List_of_commercial_video_games_with_later_released_source_code,accepted-canonical-inherited-unreviewed,Source available,Source available,unknown,unknown,medium,medium,Seeded from canonical data; refresh with primary-source evidence before treating provenance or authorization as current.,unknown,not-leak,source-code,unknown,unknown,
cand-360-three-sixty,360-three-sixty,360: Three Sixty,1999,Smart Dog,resolved-to-canonical,secondary-research;primary-or-other,2026-10-07,inherited from canonical dataset,https://en.wikipedia.org/wiki/List_of_commercial_video_games_with_later_released_source_code,accepted-canonical-inherited-unreviewed,Source found,Source found,unknown,unauthorized-or-unresolved,medium,medium,Seeded from canonical data; refresh with primary-source evidence before treating provenance or authorization as current.,unknown,not-leak,source-code,unknown,unknown,
cand-actua-soccer-96,actua-soccer-96,Actua Soccer 96,1996,Gremlin Interactive,resolved-to-canonical,secondary-research;primary-or-other,2026-10-07,inherited from canonical dataset,https://en.wikipedia.org/wiki/List_of_commercial_video_games_with_later_released_source_code,accepted-canonical-inherited-unreviewed,Source found,Source found,unknown,unauthorized-or-unresolved,medium,medium,Seeded from canonical data; refresh with primary-source evidence before treating provenance or authorization as current.,unknown,not-leak,source-code,unknown,unknown,
cand-mechcommander-2,mechcommander-2,MechCommander 2,2001,FASA Interactive / Microsoft,resolved-to-canonical,secondary-research;primary-or-other,2026-10-07,inherited from canonical dataset,https://en.wikipedia.org/wiki/List_of_commercial_video_games_with_later_released_source_code,accepted-canonical-inherited-unreviewed,Source available,Source available,unknown,unknown,medium,medium,Seeded from canonical data; refresh with primary-source evidence before treating provenance or authorization as current.,unknown,not-leak,source-code,unknown,unknown,
cand-world-in-conflict-massgate,world-in-conflict-massgate,World in Conflict – Massgate,2007,Massive Entertainment / Ubisoft,resolved-to-canonical,secondary-research;github,2026-10-07,inherited from canonical dataset,https://en.wikipedia.org/wiki/List_of_commercial_video_games_with_later_released_source_code,accepted-canonical-inherited-unreviewed,Source available,Source available,server-only,unknown,medium,medium,Seeded from canonical data; refresh with primary-source evidence before treating provenance or authorization as current.,unknown,not-leak,source-code,unknown,unknown,
cand-zork-i,zork-i,Zork I,1977,Infocom,resolved-to-canonical,secondary-research;primary-or-other,2026-10-07,inherited from canonical dataset,https://en.wikipedia.org/wiki/List_of_commercial_video_games_with_later_released_source_code,accepted-canonical-inherited-unreviewed,MIT,MIT,unknown,authorized,medium,medium,Seeded from canonical data; refresh with primary-source evidence before treating provenance or authorization as current.,unknown,not-leak,source-code,unknown,unknown,
cand-zork-ii,zork-ii,Zork II,1978,Infocom,resolved-to-canonical,secondary-research;primary-or-other,2026-10-07,inherited from canonical dataset,https://en.wikipedia.org/wiki/List_of_commercial_video_games_with_later_released_source_code,accepted-canonical-inherited-unreviewed,MIT,MIT,unknown,authorized,medium,medium,Seeded from canonical data; refresh with primary-source evidence before treating provenance or authorization as current.,unknown,not-leak,source-code,unknown,unknown,
cand-zork-iii,zork-iii,Zork III,1979,Infocom,resolved-to-canonical,secondary-research;primary-or-other,2026-10-07,inherited from canonical dataset,https://en.wikipedia.org/wiki/List_of_commercial_video_games_with_later_released_source_code,accepted-canonical-inherited-unreviewed,MIT,MIT,unknown,authorized,medium,medium,Seeded from canonical data; refresh with primary-source evidence before treating provenance or authorization as current.,unknown,not-leak,source-code,unknown,unknown,
cand-a-dark-room,a-dark-room,A Dark Room,2013,Doublespeak Games,resolved-to-canonical,github,2026-10-07,inherited from canonical dataset,https://github.com/doublespeakgames/adarkroom,accepted-canonical-inherited-unreviewed,MPL-2.0,MPL-2.0,game-source,unknown,medium,medium,Seeded from canonical data; refresh with primary-source evidence before treating provenance or authorization as current.,unknown,not-leak,source-code,unknown,unknown,
cand-little-big-adventure,little-big-adventure,Little Big Adventure,1994,Adeline Software International,resolved-to-canonical,github,2026-10-07,inherited from canonical dataset,https://github.com/2point21/lba1-classic,accepted-canonical-inherited-unreviewed,GPL-2.0-only,GPL-2.0-only,engine-only,authorized,medium,medium,Seeded from canonical data; refresh with primary-source evidence before treating provenance or authorization as current.,unknown,not-leak,source-code,unknown,unknown,
cand-little-big-adventure-2,little-big-adventure-2,Little Big Adventure 2,1997,Adeline Software International,resolved-to-canonical,github,2026-10-07,inherited from canonical dataset,https://github.com/2point21/lba2-classic,accepted-canonical-inherited-unreviewed,GPL-2.0-only,GPL-2.0-only,engine-only,authorized,medium,medium,Seeded from canonical data; refresh with primary-source evidence before treating provenance or authorization as current.,unknown,not-leak,source-code,unknown,unknown,
cand-amnesia-a-machine-for-pigs,amnesia-a-machine-for-pigs,Amnesia: A Machine for Pigs,2013,The Chinese Room / Frictional Games,resolved-to-canonical,github,2026-10-07,inherited from canonical dataset,https://github.com/FrictionalGames/AmnesiaAMachineForPigs,accepted-canonical-inherited-unreviewed,GPL-3.0,GPL-3.0,unknown,unknown,medium,medium,Seeded from canonical data; refresh with primary-source evidence before treating provenance or authorization as current.,unknown,not-leak,source-code,unknown,unknown,
cand-thirty-flights-of-loving,thirty-flights-of-loving,Thirty Flights of Loving,2012,Blendo Games,resolved-to-canonical,github,2026-10-07,inherited from canonical dataset,https://github.com/blendogames/thirtyflightsofloving,accepted-canonical-inherited-unreviewed,GPL-2.0-or-later,GPL-2.0-or-later,game-source,authorized-restricted-or-unknown,medium,medium,Seeded from canonical data; refresh with primary-source evidence before treating provenance or authorization as current.,unknown,not-leak,source-code,unknown,unknown,
cand-gravity-bone,gravity-bone,Gravity Bone,2008,Blendo Games,resolved-to-canonical,github,2026-10-07,inherited from canonical dataset,https://github.com/blendogames/gravitybone,accepted-canonical-inherited-unreviewed,GPL,GPL,game-source,unknown,medium,medium,Seeded from canonical data; refresh with primary-source evidence before treating provenance or authorization as current.,unknown,not-leak,source-code,unknown,unknown,
cand-quadrilateral-cowboy,quadrilateral-cowboy,Quadrilateral Cowboy,2016,Blendo Games,resolved-to-canonical,github,2026-10-07,inherited from canonical dataset,https://github.com/blendogames/quadrilateralcowboy,accepted-canonical-inherited-unreviewed,GPL-3.0-or-later,GPL-3.0-or-later,game-source,authorized-restricted-or-unknown,medium,medium,Seeded from canonical data; refresh with primary-source evidence before treating provenance or authorization as current.,unknown,not-leak,source-code,unknown,unknown,
cand-flotilla,flotilla,Flotilla,2010,Blendo Games,resolved-to-canonical,github,2026-10-07,inherited from canonical dataset,https://github.com/blendogames/flotilla,accepted-canonical-inherited-unreviewed,zlib,zlib,game-source,unknown,medium,medium,Seeded from canonical data; refresh with primary-source evidence before treating provenance or authorization as current.,unknown,not-leak,source-code,unknown,unknown,
cand-eldritch,eldritch,Eldritch,2013,Minor Key Games,resolved-to-canonical,github,2026-10-07,inherited from canonical dataset,https://github.com/MinorKeyGames/Eldritch,accepted-canonical-inherited-unreviewed,zlib,zlib,game-source,authorized-restricted-or-unknown,medium,medium,Seeded from canonical data; refresh with primary-source evidence before treating provenance or authorization as current.,unknown,not-leak,source-code,unknown,unknown,
cand-good-robot,good-robot,Good Robot,2016,Pyrodactyl Games / Arvind Raja Yadav,resolved-to-canonical,github,2026-10-07,inherited from canonical dataset,https://github.com/arvindrajayadav/Good-Robot,accepted-canonical-inherited-unreviewed,MIT,MIT,game-source,unknown,medium,medium,Seeded from canonical data; refresh with primary-source evidence before treating provenance or authorization as current.,unknown,not-leak,source-code,unknown,unknown,
cand-unrest,unrest,Unrest,2014,Pyrodactyl Games / Arvind Raja Yadav,resolved-to-canonical,github,2026-10-07,inherited from canonical dataset,https://github.com/arvindrajayadav/unrest,accepted-canonical-inherited-unreviewed,MIT,MIT,game-source,unknown,medium,medium,Seeded from canonical data; refresh with primary-source evidence before treating provenance or authorization as current.,unknown,not-leak,source-code,unknown,unknown,
cand-will-fight-for-food-sas-goth,will-fight-for-food-sas-goth,Will Fight for Food: SAS: GOTH,2015,Pyrodactyl Games / Arvind Raja Yadav,resolved-to-canonical,github,2026-10-07,inherited from canonical dataset,https://github.com/arvindrajayadav/Will-Fight-for-Food--SAS--GOTH,accepted-canonical-inherited-unreviewed,MIT,MIT,game-source,unknown,medium,medium,Seeded from canonical data; refresh with primary-source evidence before treating provenance or authorization as current.,unknown,not-leak,source-code,unknown,unknown,
cand-urban-chaos,urban-chaos,Urban Chaos,1999,Mucky Foot Productions,resolved-to-canonical,github,2026-10-07,inherited from canonical dataset,https://github.com/dizzy2003/MuckyFoot-UrbanChaos,accepted-canonical-inherited-unreviewed,MIT,MIT,source-snapshot,unknown,medium,medium,Seeded from canonical data; refresh with primary-source evidence before treating provenance or authorization as current.,unknown,not-leak,source-code,unknown,unknown,
cand-vangers,vangers,Vangers,1998,K-D Lab,resolved-to-canonical,github,2026-10-07,inherited from canonical dataset,https://github.com/KranX/Vangers,accepted-canonical-inherited-unreviewed,GPL-3.0,GPL-3.0,game-source,unknown,medium,medium,Seeded from canonical data; refresh with primary-source evidence before treating provenance or authorization as current.,unknown,not-leak,source-code,unknown,unknown,
cand-perimeter,perimeter,Perimeter,2005,K-D Lab,resolved-to-canonical,github,2026-10-07,inherited from canonical dataset,https://github.com/KD-lab-Open-Source/Perimeter,accepted-canonical-inherited-unreviewed,GPL-3.0,GPL-3.0,game-source,unknown,medium,medium,Seeded from canonical data; refresh with primary-source evidence before treating provenance or authorization as current.,unknown,not-leak,source-code,unknown,unknown,
cand-toki-tori-2,toki-tori-2,Toki Tori 2+,2013,Two Tribes,resolved-to-canonical,github,2026-10-07,inherited from canonical dataset,https://github.com/TwoTribesGames/ttengine,accepted-canonical-inherited-unreviewed,GPL-2.0-only,GPL-2.0-only,engine-only,unknown,medium,medium,Seeded from canonical data; refresh with primary-source evidence before treating provenance or authorization as current.,unknown,not-leak,source-code,unknown,unknown,
cand-skin-deep,skin-deep,Skin Deep,2025,Blendo Games,resolved-to-canonical,github,2026-10-07,inherited from canonical dataset,https://github.com/blendogames/SkinDeep,accepted-canonical-inherited-unreviewed,GPL-3.0,GPL-3.0,unknown,authorized,medium,medium,Seeded from canonical data; refresh with primary-source evidence before treating provenance or authorization as current.,unknown,not-leak,source-code,unknown,unknown,
cand-machines-wired-for-war,machines-wired-for-war,Machines: Wired for War,1999,Acclaim / Nightdive Studios,resolved-to-canonical,github,2026-10-07,inherited from canonical dataset,https://github.com/NightDive-Studio/machines,accepted-canonical-inherited-unreviewed,GPL-3.0,GPL-3.0,game-source-assets-separate,authorized,medium,medium,Seeded from canonical data; refresh with primary-source evidence before treating provenance or authorization as current.,unknown,not-leak,source-code,unknown,unknown,
cand-towns,towns,Towns,2012,Xavi Canal / SMP,resolved-to-canonical,github,2026-10-07,inherited from canonical dataset,https://github.com/supermalparit/Towns,accepted-canonical-inherited-unreviewed,GPL-3.0,GPL-3.0,game-source-assets-separate,authorized,medium,medium,Seeded from canonical data; refresh with primary-source evidence before treating provenance or authorization as current.,unknown,not-leak,source-code,unknown,unknown,
cand-unturned,unturned,Unturned,2014,Smartly Dressed Games,resolved-to-canonical,github,2026-10-07,inherited from canonical dataset,https://github.com/SmartlyDressedGames/U3-SDK,accepted-canonical-inherited-unreviewed,Source-available proprietary license (non-commercial mods),Source-available proprietary license (non-commercial mods),sdk-only,authorized,medium,medium,Seeded from canonical data; refresh with primary-source evidence before treating provenance or authorization as current.,unknown,not-leak,source-code,unknown,unknown,
cand-barotrauma,barotrauma,Barotrauma,2017,FakeFish / Undertow Games,resolved-to-canonical,github,2026-10-07,inherited from canonical dataset,https://github.com/FakeFishGames/Barotrauma,accepted-canonical-inherited-unreviewed,Source-available proprietary EULA (mods only),Source-available proprietary EULA (mods only),game-source,authorized-restricted-or-unknown,medium,medium,Seeded from canonical data; refresh with primary-source evidence before treating provenance or authorization as current.,unknown,not-leak,source-code,unknown,unknown,
cand-monster-rpg-2,monster-rpg-2,Monster RPG 2,2010,Nooskewl,resolved-to-canonical,github,2026-10-07,inherited from canonical dataset,https://github.com/LibreGamesArchive/monster-rpg-2,accepted-canonical-inherited-unreviewed,zlib,zlib,game-source,unknown,medium,medium,Seeded from canonical data; refresh with primary-source evidence before treating provenance or authorization as current.,unknown,not-leak,source-code,unknown,unknown,
cand-nogravity,nogravity,NoGravity,1996,Realtech VR,resolved-to-canonical,secondary-research;github,2026-10-07,inherited from canonical dataset,https://en.wikipedia.org/wiki/List_of_commercial_video_games_with_later_released_source_code,accepted-canonical-inherited-unreviewed,GPL-2.0,GPL-2.0,game-source-assets-separate,unknown,medium,medium,Seeded from canonical data; refresh with primary-source evidence before treating provenance or authorization as current.,unknown,not-leak,source-code,unknown,unknown,
cand-nothing-to-hide,nothing-to-hide,Nothing to Hide,2013,Nicky Case,resolved-to-canonical,secondary-research;github,2026-10-07,inherited from canonical dataset,https://en.wikipedia.org/wiki/List_of_commercial_video_games_with_later_released_source_code,accepted-canonical-inherited-unreviewed,CC0,CC0,game-source,unknown,medium,medium,Seeded from canonical data; refresh with primary-source evidence before treating provenance or authorization as current.,unknown,not-leak,source-code,unknown,unknown,
cand-paybacktime-2,paybacktime-2,PaybackTime 2,1997,Unknown / independent,resolved-to-canonical,secondary-research;primary-or-other,2026-10-07,inherited from canonical dataset,https://en.wikipedia.org/wiki/List_of_commercial_video_games_with_later_released_source_code,accepted-canonical-inherited-unreviewed,Public domain,Public domain,game-source,unknown,medium,medium,Seeded from canonical data; refresh with primary-source evidence before treating provenance or authorization as current.,unknown,not-leak,source-code,unknown,unknown,
cand-pinball-construction-set,pinball-construction-set,Pinball Construction Set,1983,Bill Budge / EA,resolved-to-canonical,secondary-research;primary-or-other,2026-10-07,inherited from canonical dataset,https://en.wikipedia.org/wiki/List_of_commercial_video_games_with_later_released_source_code,accepted-canonical-inherited-unreviewed,MIT,MIT,unknown,unknown,medium,medium,Seeded from canonical data; refresh with primary-source evidence before treating provenance or authorization as current.,unknown,not-leak,source-code,unknown,unknown,
cand-planet-blupi,planet-blupi,Planet Blupi,1997,Epsitec SA,resolved-to-canonical,secondary-research;primary-or-other,2026-10-07,inherited from canonical dataset,https://en.wikipedia.org/wiki/List_of_commercial_video_games_with_later_released_source_code,accepted-canonical-inherited-unreviewed,GPL-3.0,GPL-3.0,game-source,unknown,medium,medium,Seeded from canonical data; refresh with primary-source evidence before treating provenance or authorization as current.,unknown,not-leak,source-code,unknown,unknown,
cand-principia,principia,Principia,2013,Bithack,resolved-to-canonical,secondary-research;github,2026-10-07,inherited from canonical dataset,https://en.wikipedia.org/wiki/List_of_commercial_video_games_with_later_released_source_code,accepted-canonical-inherited-unreviewed,BSD-3-Clause,BSD-3-Clause,game-source,unknown,medium,medium,Seeded from canonical data; refresh with primary-source evidence before treating provenance or authorization as current.,unknown,not-leak,source-code,unknown,unknown,
cand-seven-kingdoms,seven-kingdoms,Seven Kingdoms,1996,Enlight Software,resolved-to-canonical,secondary-research;github,2026-10-07,inherited from canonical dataset,https://en.wikipedia.org/wiki/List_of_commercial_video_games_with_later_released_source_code,accepted-canonical-inherited-unreviewed,GPL-2.0,GPL-2.0,game-source,unknown,medium,medium,Seeded from canonical data; refresh with primary-source evidence before treating provenance or authorization as current.,unknown,not-leak,source-code,unknown,unknown,
cand-sissyfight-2000-returns,sissyfight-2000-returns,Sissyfight 2000 Returns,2014,Nicky Case,resolved-to-canonical,secondary-research;primary-or-other,2026-10-07,inherited from canonical dataset,https://en.wikipedia.org/wiki/List_of_commercial_video_games_with_later_released_source_code,accepted-canonical-inherited-unreviewed,MIT / CC BY,MIT / CC BY,game-source,unknown,medium,medium,Seeded from canonical data; refresh with primary-source evidence before treating provenance or authorization as current.,unknown,not-leak,source-code,unknown,unknown,
cand-soldat,soldat,Soldat,2002,Transhuman Design,resolved-to-canonical,secondary-research;github,2026-10-07,inherited from canonical dataset,https://en.wikipedia.org/wiki/List_of_commercial_video_games_with_later_released_source_code,accepted-canonical-inherited-unreviewed,MIT / CC BY,MIT / CC BY,game-source,unknown,medium,medium,Seeded from canonical data; refresh with primary-source evidence before treating provenance or authorization as current.,unknown,not-leak,source-code,unknown,unknown,
cand-sopwith,sopwith,Sopwith,1984,David L. Clark,resolved-to-canonical,secondary-research;primary-or-other,2026-10-07,inherited from canonical dataset,https://en.wikipedia.org/wiki/List_of_commercial_video_games_with_later_released_source_code,accepted-canonical-inherited-unreviewed,GPL-2.0,GPL-2.0,game-source,unknown,medium,medium,Seeded from canonical data; refresh with primary-source evidence before treating provenance or authorization as current.,unknown,not-leak,source-code,unknown,unknown,
cand-stunt-copter,stunt-copter,Stunt Copter,1986,Pangea Software / Mark Lacoste,resolved-to-canonical,secondary-research;primary-or-other,2026-10-07,inherited from canonical dataset,https://en.wikipedia.org/wiki/List_of_commercial_video_games_with_later_released_source_code,accepted-canonical-inherited-unreviewed,Public domain,Public domain,game-source,unknown,medium,medium,Seeded from canonical data; refresh with primary-source evidence before treating provenance or authorization as current.,unknown,not-leak,source-code,unknown,unknown,
cand-super-lemonade-factory,super-lemonade-factory,Super Lemonade Factory,2012,Initials Games,resolved-to-canonical,secondary-research;primary-or-other,2026-10-07,inherited from canonical dataset,https://en.wikipedia.org/wiki/List_of_commercial_video_games_with_later_released_source_code,accepted-canonical-inherited-unreviewed,MIT / GPL-3.0,MIT / GPL-3.0,game-source,unknown,medium,medium,Seeded from canonical data; refresh with primary-source evidence before treating provenance or authorization as current.,unknown,not-leak,source-code,unknown,unknown,
cand-tyrian-opentyrian,tyrian-opentyrian,Tyrian / OpenTyrian,1995,Epic MegaGames,resolved-to-canonical,secondary-research;github,2026-10-07,inherited from canonical dataset,https://en.wikipedia.org/wiki/List_of_commercial_video_games_with_later_released_source_code,accepted-canonical-inherited-unreviewed,GPL-2.0,GPL-2.0,partial-game,unknown,medium,medium,Seeded from canonical data; refresh with primary-source evidence before treating provenance or authorization as current.,unknown,not-leak,source-code,unknown,unknown,
cand-vga-civil-war-strategy-game,vga-civil-war-strategy-game,VGA Civil War Strategy Game,1995,Edward G. Boehnke,resolved-to-canonical,secondary-research;primary-or-other,2026-10-07,inherited from canonical dataset,https://en.wikipedia.org/wiki/List_of_commercial_video_games_with_later_released_source_code,accepted-canonical-inherited-unreviewed,MIT,MIT,game-source,unknown,medium,medium,Seeded from canonical data; refresh with primary-source evidence before treating provenance or authorization as current.,unknown,not-leak,source-code,unknown,unknown,
cand-voxelquest,voxelquest,Voxelquest,2014,Voxel Quest,resolved-to-canonical,secondary-research;primary-or-other,2026-10-07,inherited from canonical dataset,https://en.wikipedia.org/wiki/List_of_commercial_video_games_with_later_released_source_code,accepted-canonical-inherited-unreviewed,MIT,MIT,game-source,unknown,medium,medium,Seeded from canonical data; refresh with primary-source evidence before treating provenance or authorization as current.,unknown,not-leak,source-code,unknown,unknown,
cand-wander,wander,Wander,1974,Peter Langston,resolved-to-canonical,secondary-research;primary-or-other,2026-10-07,inherited from canonical dataset,https://en.wikipedia.org/wiki/List_of_commercial_video_games_with_later_released_source_code,accepted-canonical-inherited-unreviewed,Public domain / source available,Public domain / source available,game-source,unknown,medium,medium,Seeded from canonical data; refresh with primary-source evidence before treating provenance or authorization as current.,unknown,not-leak,source-code,unknown,unknown,
cand-waterrace,waterrace,WaterRace,2000,Bit Brothers,resolved-to-canonical,secondary-research;primary-or-other,2026-10-07,inherited from canonical dataset,https://en.wikipedia.org/wiki/List_of_commercial_video_games_with_later_released_source_code,accepted-canonical-inherited-unreviewed,GPL-2.0,GPL-2.0,game-source,unknown,medium,medium,Seeded from canonical data; refresh with primary-source evidence before treating provenance or authorization as current.,unknown,not-leak,source-code,unknown,unknown,
cand-warfare-incorporated-hostile-takeover,warfare-incorporated-hostile-takeover,Warfare Incorporated / Hostile Takeover,2003,Spiffcode,resolved-to-canonical,secondary-research;primary-or-other,2026-10-07,inherited from canonical dataset,https://en.wikipedia.org/wiki/List_of_commercial_video_games_with_later_released_source_code,accepted-canonical-inherited-unreviewed,BSD / FreeBSD,BSD / FreeBSD,game-source,unknown,medium,medium,Seeded from canonical data; refresh with primary-source evidence before treating provenance or authorization as current.,unknown,not-leak,source-code,unknown,unknown,
cand-word-whiz,word-whiz,Word Whiz,1988,Munky Games,resolved-to-canonical,secondary-research;primary-or-other,2026-10-07,inherited from canonical dataset,https://en.wikipedia.org/wiki/List_of_commercial_video_games_with_later_released_source_code,accepted-canonical-inherited-unreviewed,GPL-2.0,GPL-2.0,game-source,unknown,medium,medium,Seeded from canonical data; refresh with primary-source evidence before treating provenance or authorization as current.,unknown,not-leak,source-code,unknown,unknown,
cand-zzt,zzt,ZZT,1991,Epic MegaGames,resolved-to-canonical,secondary-research;primary-or-other,2026-10-07,inherited from canonical dataset,https://en.wikipedia.org/wiki/List_of_commercial_video_games_with_later_released_source_code,accepted-canonical-inherited-unreviewed,MIT,MIT,game-source,authorized,medium,medium,Seeded from canonical data; refresh with primary-source evidence before treating provenance or authorization as current.,unknown,not-leak,source-code,unknown,unknown,
cand-allegiance-freeallegiance,allegiance-freeallegiance,Allegiance / FreeAllegiance,2000,Microsoft Research,resolved-to-canonical,secondary-research;github,2026-10-07,inherited from canonical dataset,https://en.wikipedia.org/wiki/List_of_commercial_video_games_with_later_released_source_code,accepted-canonical-inherited-unreviewed,MIT,MIT,game-source-assets-separate,unknown,medium,medium,Seeded from canonical data; refresh with primary-source evidence before treating provenance or authorization as current.,unknown,not-leak,source-code,unknown,unknown,
cand-amulets-armor,amulets-armor,Amulets & Armor,1997,United Software Artists,resolved-to-canonical,secondary-research;primary-or-other,2026-10-07,inherited from canonical dataset,https://en.wikipedia.org/wiki/List_of_commercial_video_games_with_later_released_source_code,accepted-canonical-inherited-unreviewed,GPL-3.0,GPL-3.0,game-source-assets-separate,unknown,medium,medium,Seeded from canonical data; refresh with primary-source evidence before treating provenance or authorization as current.,unknown,not-leak,source-code,unknown,unknown,
cand-ares-antares,ares-antares,Ares / Antares,1996,Ambrosia Software,resolved-to-canonical,secondary-research;primary-or-other,2026-10-07,inherited from canonical dataset,https://en.wikipedia.org/wiki/List_of_commercial_video_games_with_later_released_source_code,accepted-canonical-inherited-unreviewed,LGPL-3.0,LGPL-3.0,game-source,unknown,medium,medium,Seeded from canonical data; refresh with primary-source evidence before treating provenance or authorization as current.,unknown,not-leak,source-code,unknown,unknown,
cand-avara,avara,Avara,1996,Ambrosia Software,resolved-to-canonical,secondary-research;github,2026-10-07,inherited from canonical dataset,https://en.wikipedia.org/wiki/List_of_commercial_video_games_with_later_released_source_code,accepted-canonical-inherited-unreviewed,MIT,MIT,game-source,unknown,medium,medium,Seeded from canonical data; refresh with primary-source evidence before treating provenance or authorization as current.,unknown,not-leak,source-code,unknown,unknown,
cand-buzz-aldrin-s-race-into-space,buzz-aldrin-s-race-into-space,Buzz Aldrin's Race Into Space,1993,Strategic Visions / Interplay,resolved-to-canonical,secondary-research;github,2026-10-07,inherited from canonical dataset,https://en.wikipedia.org/wiki/List_of_commercial_video_games_with_later_released_source_code,accepted-canonical-inherited-unreviewed,GPL-2.0,GPL-2.0,game-source-assets-separate,unknown,medium,medium,Seeded from canonical data; refresh with primary-source evidence before treating provenance or authorization as current.,unknown,not-leak,source-code,unknown,unknown,
cand-cart-life,cart-life,Cart Life,2011,Richard Hofmeier,resolved-to-canonical,secondary-research;primary-or-other,2026-10-07,inherited from canonical dataset,https://en.wikipedia.org/wiki/List_of_commercial_video_games_with_later_released_source_code,accepted-canonical-inherited-unreviewed,Artistic-2.0,Artistic-2.0,game-source,unknown,medium,medium,Seeded from canonical data; refresh with primary-source evidence before treating provenance or authorization as current.,unknown,not-leak,source-code,unknown,unknown,
cand-corncob-3d,corncob-3d,Corncob 3D,1993,Digital Cybercherries / Edmark,resolved-to-canonical,secondary-research;primary-or-other,2026-10-07,inherited from canonical dataset,https://en.wikipedia.org/wiki/List_of_commercial_video_games_with_later_released_source_code,accepted-canonical-inherited-unreviewed,Public domain,Public domain,game-source,unknown,medium,medium,Seeded from canonical data; refresh with primary-source evidence before treating provenance or authorization as current.,unknown,not-leak,source-code,unknown,unknown,
cand-glider-4-0,glider-4-0,Glider 4.0,1991,John Calhoun,resolved-to-canonical,secondary-research;primary-or-other,2026-10-07,inherited from canonical dataset,https://en.wikipedia.org/wiki/List_of_commercial_video_games_with_later_released_source_code,accepted-canonical-inherited-unreviewed,MIT,MIT,game-source-assets-separate,unknown,medium,medium,Seeded from canonical data; refresh with primary-source evidence before treating provenance or authorization as current.,unknown,not-leak,source-code,unknown,unknown,
cand-glider-pro,glider-pro,Glider PRO,1994,John Calhoun,resolved-to-canonical,secondary-research;primary-or-other,2026-10-07,inherited from canonical dataset,https://en.wikipedia.org/wiki/List_of_commercial_video_games_with_later_released_source_code,accepted-canonical-inherited-unreviewed,GPL-2.0,GPL-2.0,game-source,unknown,medium,medium,Seeded from canonical data; refresh with primary-source evidence before treating provenance or authorization as current.,unknown,not-leak,source-code,unknown,unknown,
cand-gloom,gloom,Gloom,1995,Black Magic Software,resolved-to-canonical,secondary-research;primary-or-other,2026-10-07,inherited from canonical dataset,https://en.wikipedia.org/wiki/List_of_commercial_video_games_with_later_released_source_code,accepted-canonical-inherited-unreviewed,Public domain / Unlicense,Public domain / Unlicense,game-source,unknown,medium,medium,Seeded from canonical data; refresh with primary-source evidence before treating provenance or authorization as current.,unknown,not-leak,source-code,unknown,unknown,
cand-gunocide-ii,gunocide-ii,Gunocide II,2000,Dark Matter Studios,resolved-to-canonical,secondary-research;primary-or-other,2026-10-07,inherited from canonical dataset,https://en.wikipedia.org/wiki/List_of_commercial_video_games_with_later_released_source_code,accepted-canonical-inherited-unreviewed,GPL-2.0,GPL-2.0,game-source,unknown,medium,medium,Seeded from canonical data; refresh with primary-source evidence before treating provenance or authorization as current.,unknown,not-leak,source-code,unknown,unknown,
cand-h-craft-championship,h-craft-championship,H-Craft Championship,2007,Irr? / independent,resolved-to-canonical,secondary-research;primary-or-other,2026-10-07,inherited from canonical dataset,https://en.wikipedia.org/wiki/List_of_commercial_video_games_with_later_released_source_code,accepted-canonical-inherited-unreviewed,zlib,zlib,game-source,unknown,medium,medium,Seeded from canonical data; refresh with primary-source evidence before treating provenance or authorization as current.,unknown,not-leak,source-code,unknown,unknown,
cand-haunts-the-manse-macabre,haunts-the-manse-macabre,Haunts: The Manse Macabre,2012,Blackfang Studio,resolved-to-canonical,secondary-research;primary-or-other,2026-10-07,inherited from canonical dataset,https://en.wikipedia.org/wiki/List_of_commercial_video_games_with_later_released_source_code,accepted-canonical-inherited-unreviewed,BSD-3-Clause,BSD-3-Clause,game-source,unknown,medium,medium,Seeded from canonical data; refresh with primary-source evidence before treating provenance or authorization as current.,unknown,not-leak,source-code,unknown,unknown,
cand-hypercycles,hypercycles,Hypercycles,1995,Ambrosia Software,resolved-to-canonical,secondary-research;primary-or-other,2026-10-07,inherited from canonical dataset,https://en.wikipedia.org/wiki/List_of_commercial_video_games_with_later_released_source_code,accepted-canonical-inherited-unreviewed,GPL-3.0,GPL-3.0,game-source,unknown,medium,medium,Seeded from canonical data; refresh with primary-source evidence before treating provenance or authorization as current.,unknown,not-leak,source-code,unknown,unknown,
cand-meridian-59,meridian-59,Meridian 59,1995,3DO / Archetype / Near Death,resolved-to-canonical,secondary-research;github,2026-10-07,inherited from canonical dataset,https://en.wikipedia.org/wiki/List_of_commercial_video_games_with_later_released_source_code,accepted-canonical-inherited-unreviewed,GPL-2.0,GPL-2.0,game-source-assets-separate,unknown,medium,medium,Seeded from canonical data; refresh with primary-source evidence before treating provenance or authorization as current.,unknown,not-leak,source-code,unknown,unknown,
cand-the-pit-puzzle,the-pit-puzzle,The Pit Puzzle,1997,Abe Pralle / Plasmaworks,resolved-to-canonical,secondary-research;primary-or-other,2026-10-07,inherited from canonical dataset,https://en.wikipedia.org/wiki/List_of_commercial_video_games_with_later_released_source_code,accepted-canonical-inherited-unreviewed,Apache-2.0,Apache-2.0,game-source,unknown,medium,medium,Seeded from canonical data; refresh with primary-source evidence before treating provenance or authorization as current.,unknown,not-leak,source-code,unknown,unknown,
cand-project-starfighter,project-starfighter,Project Starfighter,2001,Parallel Realities,resolved-to-canonical,secondary-research;primary-or-other,2026-10-07,inherited from canonical dataset,https://en.wikipedia.org/wiki/List_of_commercial_video_games_with_later_released_source_code,accepted-canonical-inherited-unreviewed,GPL-2.0,GPL-2.0,game-source,unknown,medium,medium,Seeded from canonical data; refresh with primary-source evidence before treating provenance or authorization as current.,unknown,not-leak,source-code,unknown,unknown,
cand-star-ruler-2,star-ruler-2,Star Ruler 2,2015,Blind Mind Studios,resolved-to-canonical,secondary-research;github,2026-10-07,inherited from canonical dataset,https://en.wikipedia.org/wiki/List_of_commercial_video_games_with_later_released_source_code,accepted-canonical-inherited-unreviewed,MIT,MIT,game-source,unknown,medium,medium,Seeded from canonical data; refresh with primary-source evidence before treating provenance or authorization as current.,unknown,not-leak,source-code,unknown,unknown,
cand-starshatter-the-gathering-storm,starshatter-the-gathering-storm,Starshatter: The Gathering Storm,2004,Destroyer Studios / Matrix Games,resolved-to-canonical,secondary-research;primary-or-other,2026-10-07,inherited from canonical dataset,https://en.wikipedia.org/wiki/List_of_commercial_video_games_with_later_released_source_code,accepted-canonical-inherited-unreviewed,BSD-3-Clause,BSD-3-Clause,game-source,authorized,medium,medium,Seeded from canonical data; refresh with primary-source evidence before treating provenance or authorization as current.,unknown,not-leak,source-code,unknown,unknown,
cand-strange-adventures-in-infinite-space,strange-adventures-in-infinite-space,Strange Adventures in Infinite Space,2002,Digital Eel,resolved-to-canonical,secondary-research;primary-or-other,2026-10-07,inherited from canonical dataset,https://en.wikipedia.org/wiki/List_of_commercial_video_games_with_later_released_source_code,accepted-canonical-inherited-unreviewed,GPL-3.0,GPL-3.0,game-source,unknown,medium,medium,Seeded from canonical data; refresh with primary-source evidence before treating provenance or authorization as current.,unknown,not-leak,source-code,unknown,unknown,
cand-team-47-goman,team-47-goman,Team 47 GoMan,1997,Virtual World / Team 47,resolved-to-canonical,secondary-research;primary-or-other,2026-10-07,inherited from canonical dataset,https://en.wikipedia.org/wiki/List_of_commercial_video_games_with_later_released_source_code,accepted-canonical-inherited-unreviewed,Public domain / source available,Public domain / source available,game-source,unknown,medium,medium,Seeded from canonical data; refresh with primary-source evidence before treating provenance or authorization as current.,unknown,not-leak,source-code,unknown,unknown,
cand-tribal-trouble,tribal-trouble,Tribal Trouble,2005,Oddlabs,resolved-to-canonical,secondary-research;primary-or-other,2026-10-07,inherited from canonical dataset,https://en.wikipedia.org/wiki/List_of_commercial_video_games_with_later_released_source_code,accepted-canonical-inherited-unreviewed,GPL-2.0,GPL-2.0,game-source,unknown,medium,medium,Seeded from canonical data; refresh with primary-source evidence before treating provenance or authorization as current.,unknown,not-leak,source-code,unknown,unknown,
cand-catacomb,catacomb,Catacomb,1989,Softdisk / id Software,resolved-to-canonical,secondary-research;primary-or-other,2026-10-07,inherited from canonical dataset,https://en.wikipedia.org/wiki/List_of_commercial_video_games_with_later_released_source_code,accepted-canonical-inherited-unreviewed,GPL-2.0,GPL-2.0,game-source-assets-separate,unknown,medium,medium,Seeded from canonical data; refresh with primary-source evidence before treating provenance or authorization as current.,unknown,not-leak,source-code,unknown,unknown,
cand-catacomb-3d,catacomb-3d,Catacomb 3D,1991,id Software,resolved-to-canonical,secondary-research;primary-or-other,2026-10-07,inherited from canonical dataset,https://en.wikipedia.org/wiki/List_of_commercial_video_games_with_later_released_source_code,accepted-canonical-inherited-unreviewed,GPL-2.0,GPL-2.0,game-source-assets-separate,unknown,medium,medium,Seeded from canonical data; refresh with primary-source evidence before treating provenance or authorization as current.,unknown,not-leak,source-code,unknown,unknown,
cand-the-colony,the-colony,The Colony,1988,David A. Smith / Mindcraft,resolved-to-canonical,secondary-research;primary-or-other,2026-10-07,inherited from canonical dataset,https://en.wikipedia.org/wiki/List_of_commercial_video_games_with_later_released_source_code,accepted-canonical-inherited-unreviewed,Apache-2.0,Apache-2.0,game-source,unknown,medium,medium,Seeded from canonical data; refresh with primary-source evidence before treating provenance or authorization as current.,unknown,not-leak,source-code,unknown,unknown,
cand-command-conquer-generals-zero-hour,command-conquer-generals-zero-hour,Command & Conquer: Generals – Zero Hour,2003,EA Pacific / Electronic Arts,resolved-to-canonical,secondary-research;github,2026-10-07,inherited from canonical dataset,https://en.wikipedia.org/wiki/List_of_commercial_video_games_with_later_released_source_code,accepted-canonical-inherited-unreviewed,GPL-3.0,GPL-3.0,game-source-assets-separate,unknown,medium,medium,Seeded from canonical data; refresh with primary-source evidence before treating provenance or authorization as current.,unknown,not-leak,source-code,unknown,unknown,
cand-command-conquer-renegade,command-conquer-renegade,Command & Conquer: Renegade,2002,Westwood Studios / Electronic Arts,resolved-to-canonical,secondary-research;github,2026-10-07,inherited from canonical dataset,https://en.wikipedia.org/wiki/List_of_commercial_video_games_with_later_released_source_code,accepted-canonical-inherited-unreviewed,GPL-3.0,GPL-3.0,game-source-assets-separate,unknown,medium,medium,Seeded from canonical data; refresh with primary-source evidence before treating provenance or authorization as current.,unknown,not-leak,source-code,unknown,unknown,
cand-commander-keen-in-keen-dreams,commander-keen-in-keen-dreams,Commander Keen in Keen Dreams,1991,id Software / Softdisk,resolved-to-canonical,secondary-research;github,2026-10-07,inherited from canonical dataset,https://en.wikipedia.org/wiki/List_of_commercial_video_games_with_later_released_source_code,accepted-canonical-inherited-unreviewed,GPL-2.0,GPL-2.0,game-source,unknown,medium,medium,Seeded from canonical data; refresh with primary-source evidence before treating provenance or authorization as current.,unknown,not-leak,source-code,unknown,unknown,
cand-corebreach,corebreach,CoreBreach,2011,CoreBreach developers,resolved-to-canonical,secondary-research;primary-or-other,2026-10-07,inherited from canonical dataset,https://en.wikipedia.org/wiki/List_of_commercial_video_games_with_later_released_source_code,accepted-canonical-inherited-unreviewed,MIT / GPL,MIT / GPL,game-source,unknown,medium,medium,Seeded from canonical data; refresh with primary-source evidence before treating provenance or authorization as current.,unknown,not-leak,source-code,unknown,unknown,
cand-cortex-command,cortex-command,Cortex Command,2012,Data Realms,resolved-to-canonical,secondary-research;primary-or-other,2026-10-07,inherited from canonical dataset,https://en.wikipedia.org/wiki/List_of_commercial_video_games_with_later_released_source_code,accepted-canonical-inherited-unreviewed,AGPL-3.0,AGPL-3.0,game-source-assets-separate,unknown,medium,medium,Seeded from canonical data; refresh with primary-source evidence before treating provenance or authorization as current.,unknown,not-leak,source-code,unknown,unknown,
cand-delver,delver,Delver,2012,Priority Interrupt,resolved-to-canonical,secondary-research;primary-or-other,2026-10-07,inherited from canonical dataset,https://en.wikipedia.org/wiki/List_of_commercial_video_games_with_later_released_source_code,accepted-canonical-inherited-unreviewed,zlib,zlib,game-source,unknown,medium,medium,Seeded from canonical data; refresh with primary-source evidence before treating provenance or authorization as current.,unknown,not-leak,source-code,unknown,unknown,
cand-quake-4,quake-4,Quake 4,2005,Raven Software / id Software,resolved-to-canonical,secondary-research;github,2026-10-07,inherited from canonical dataset,https://en.wikipedia.org/wiki/List_of_commercial_video_games_with_later_released_source_code,accepted-canonical-inherited-unreviewed,GPL-2.0,GPL-2.0,game-source-assets-separate,unknown,medium,medium,Seeded from canonical data; refresh with primary-source evidence before treating provenance or authorization as current.,unknown,not-leak,source-code,unknown,unknown,
cand-siege-of-avalon,siege-of-avalon,Siege of Avalon,2000,Global Star Software,resolved-to-canonical,secondary-research;primary-or-other,2026-10-07,inherited from canonical dataset,https://en.wikipedia.org/wiki/List_of_commercial_video_games_with_later_released_source_code,accepted-canonical-inherited-unreviewed,LGPL-2.1,LGPL-2.1,game-source-assets-separate,unknown,medium,medium,Seeded from canonical data; refresh with primary-source evidence before treating provenance or authorization as current.,unknown,not-leak,source-code,unknown,unknown,
cand-spacebase-df-9,spacebase-df-9,Spacebase DF-9,2013,Double Fine Productions,resolved-to-canonical,secondary-research;primary-or-other,2026-10-07,inherited from canonical dataset,https://en.wikipedia.org/wiki/List_of_commercial_video_games_with_later_released_source_code,accepted-canonical-inherited-unreviewed,CPAL-1.0,CPAL-1.0,game-source,unknown,medium,medium,Seeded from canonical data; refresh with primary-source evidence before treating provenance or authorization as current.,unknown,not-leak,source-code,unknown,unknown,
cand-seven-kingdoms-ii-the-fryhtan-wars,seven-kingdoms-ii-the-fryhtan-wars,Seven Kingdoms II: The Fryhtan Wars,1999,Enlight Software,resolved-to-canonical,secondary-research;primary-or-other,2026-10-07,inherited from canonical dataset,https://en.wikipedia.org/wiki/List_of_commercial_video_games_with_later_released_source_code,accepted-canonical-inherited-unreviewed,GPL-2.0,GPL-2.0,game-source-assets-separate,unknown,medium,medium,Seeded from canonical data; refresh with primary-source evidence before treating provenance or authorization as current.,unknown,not-leak,source-code,unknown,unknown,
cand-revenge-of-the-titans,revenge-of-the-titans,Revenge of the Titans,2010,Puppy Games,resolved-to-canonical,secondary-research;primary-or-other,2026-10-07,inherited from canonical dataset,https://en.wikipedia.org/wiki/List_of_commercial_video_games_with_later_released_source_code,accepted-canonical-inherited-unreviewed,BSD-3-Clause,BSD-3-Clause,game-source,unknown,medium,medium,Seeded from canonical data; refresh with primary-source evidence before treating provenance or authorization as current.,unknown,not-leak,source-code,unknown,unknown,
cand-anodyne,anodyne,Anodyne,2013,Sean Hogan / Joni Kittaka,resolved-to-canonical,secondary-research;primary-or-other,2026-10-07,inherited from canonical dataset,https://en.wikipedia.org/wiki/List_of_commercial_video_games_with_later_released_source_code,accepted-canonical-inherited-unreviewed,Custom permissive license,Custom permissive license,game-source,unknown,medium,medium,Seeded from canonical data; refresh with primary-source evidence before treating provenance or authorization as current.,unknown,not-leak,source-code,unknown,unknown,
cand-crongdor-the-barbarian,crongdor-the-barbarian,Crongdor the Barbarian,2016,Ripped Wizards,resolved-to-canonical,steamdb;primary-or-other,2026-10-07,inherited from canonical dataset,https://steamdb.info/app/488190/,accepted-canonical-inherited-unreviewed,GPL-3.0,GPL-3.0,game-source,unknown,medium,medium,Seeded from canonical data; refresh with primary-source evidence before treating provenance or authorization as current.,unknown,not-leak,source-code,unknown,unknown,
cand-drod-series,drod-series,DROD series,1997,Caravel Games,resolved-to-canonical,secondary-research;primary-or-other,2026-10-07,inherited from canonical dataset,https://en.wikipedia.org/wiki/List_of_commercial_video_games_with_later_released_source_code,accepted-canonical-inherited-unreviewed,MPL-1.1,MPL-1.1,unknown,unknown,medium,medium,Seeded from canonical data; refresh with primary-source evidence before treating provenance or authorization as current.,unknown,not-leak,source-code,unknown,unknown,
cand-age-of-pirates-captain-blood,age-of-pirates-captain-blood,Age of Pirates: Captain Blood,2010,Akella / 1C,resolved-to-canonical,secondary-research;primary-or-other,2026-10-07,inherited from canonical dataset,https://en.wikipedia.org/wiki/List_of_commercial_video_games_with_later_released_source_code,accepted-canonical-inherited-unreviewed,GPL-3.0,GPL-3.0,game-source-assets-separate,unknown,medium,medium,Seeded from canonical data; refresh with primary-source evidence before treating provenance or authorization as current.,unknown,not-leak,source-code,unknown,unknown,
cand-age-of-pirates-2-city-of-abandoned-ships,age-of-pirates-2-city-of-abandoned-ships,Age of Pirates 2: City of Abandoned Ships,2009,Akella / 1C,resolved-to-canonical,secondary-research;primary-or-other,2026-10-07,inherited from canonical dataset,https://en.wikipedia.org/wiki/List_of_commercial_video_games_with_later_released_source_code,accepted-canonical-inherited-unreviewed,GPL-3.0,GPL-3.0,game-source-assets-separate,unknown,medium,medium,Seeded from canonical data; refresh with primary-source evidence before treating provenance or authorization as current.,unknown,not-leak,source-code,unknown,unknown,
cand-analogue-a-hate-story,analogue-a-hate-story,Analogue: A Hate Story,2013,Christine Love,resolved-to-canonical,secondary-research;primary-or-other,2026-10-07,inherited from canonical dataset,https://en.wikipedia.org/wiki/List_of_commercial_video_games_with_later_released_source_code,accepted-canonical-inherited-unreviewed,Source available / public-domain-equivalent,Source available / public-domain-equivalent,game-source,unknown,medium,medium,Seeded from canonical data; refresh with primary-source evidence before treating provenance or authorization as current.,unknown,not-leak,source-code,unknown,unknown,
cand-blake-stone-planet-strike,blake-stone-planet-strike,Blake Stone: Planet Strike,1994,JAM Productions / Apogee,resolved-to-canonical,github,2026-10-07,inherited from canonical dataset,https://github.com/johndrinkwater/blake-stone,accepted-canonical-inherited-unreviewed,GPL-2.0-or-later,GPL-2.0-or-later,game-source-assets-separate,unknown,medium,medium,Seeded from canonical data; refresh with primary-source evidence before treating provenance or authorization as current.,unknown,not-leak,source-code,unknown,unknown,
cand-br-ny-skeldalu,br-ny-skeldalu,Brány Skeldalu,1998,Centauri Production,resolved-to-canonical,secondary-research;primary-or-other,2026-10-07,inherited from canonical dataset,https://en.wikipedia.org/wiki/List_of_commercial_video_games_with_later_released_source_code,accepted-canonical-inherited-unreviewed,GPL-3.0 / MIT,GPL-3.0 / MIT,game-source,unknown,medium,medium,Seeded from canonical data; refresh with primary-source evidence before treating provenance or authorization as current.,unknown,not-leak,source-code,unknown,unknown,
cand-doom-3do,doom-3do,DOOM 3DO,1996,id Software / 3DO,resolved-to-canonical,github,2026-10-07,inherited from canonical dataset,https://github.com/Olde-Skuul/doom3do,accepted-canonical-inherited-unreviewed,MIT,MIT,unknown,unknown,medium,medium,Seeded from canonical data; refresh with primary-source evidence before treating provenance or authorization as current.,unknown,not-leak,source-code,unknown,unknown,
cand-doom-snes,doom-snes,DOOM (SNES),1995,id Software / Sculptured Software,resolved-to-canonical,secondary-research;primary-or-other,2026-10-07,inherited from canonical dataset,https://en.wikipedia.org/wiki/List_of_commercial_video_games_with_later_released_source_code,accepted-canonical-inherited-unreviewed,GPL-3.0,GPL-3.0,unknown,unknown,medium,medium,Seeded from canonical data; refresh with primary-source evidence before treating provenance or authorization as current.,unknown,not-leak,source-code,unknown,unknown,
cand-glypha-iii,glypha-iii,Glypha III,2012,John Calhoun,resolved-to-canonical,secondary-research;primary-or-other,2026-10-07,inherited from canonical dataset,https://en.wikipedia.org/wiki/List_of_commercial_video_games_with_later_released_source_code,accepted-canonical-inherited-unreviewed,MIT,MIT,game-source,unknown,medium,medium,Seeded from canonical data; refresh with primary-source evidence before treating provenance or authorization as current.,unknown,not-leak,source-code,unknown,unknown,
cand-hammerfight,hammerfight,Hammerfight,2009,KranX Productions,resolved-to-canonical,secondary-research;github,2026-10-07,inherited from canonical dataset,https://en.wikipedia.org/wiki/List_of_commercial_video_games_with_later_released_source_code,accepted-canonical-inherited-unreviewed,zlib,zlib,engine-only,unknown,medium,medium,Seeded from canonical data; refresh with primary-source evidence before treating provenance or authorization as current.,unknown,not-leak,source-code,unknown,unknown,
cand-hovertank-3d,hovertank-3d,Hovertank 3D,1991,id Software,resolved-to-canonical,github,2026-10-07,inherited from canonical dataset,https://github.com/FlatRockSoft/Hovertank3D,accepted-canonical-inherited-unreviewed,GPL-2.0,GPL-2.0,game-source,unknown,medium,medium,Seeded from canonical data; refresh with primary-source evidence before treating provenance or authorization as current.,unknown,not-leak,source-code,unknown,unknown,
cand-lemma,lemma,Lemma,2014,Evan Todd,resolved-to-canonical,secondary-research;primary-or-other,2026-10-07,inherited from canonical dataset,https://en.wikipedia.org/wiki/List_of_commercial_video_games_with_later_released_source_code,accepted-canonical-inherited-unreviewed,MIT,MIT,game-source-assets-separate,unknown,medium,medium,Seeded from canonical data; refresh with primary-source evidence before treating provenance or authorization as current.,unknown,not-leak,source-code,unknown,unknown,
cand-myst-online-uru-live,myst-online-uru-live,Myst Online: Uru Live,2003,Cyan Worlds,resolved-to-canonical,primary-or-other;github,2026-10-07,inherited from canonical dataset,https://mystonline.com/en/developer/,accepted-canonical-inherited-unreviewed,GPL / mixed open source,GPL / mixed open source,unknown,unknown,medium,medium,Seeded from canonical data; refresh with primary-source evidence before treating provenance or authorization as current.,unknown,not-leak,source-code,unknown,unknown,
cand-receiver,receiver,Receiver,2012,Wolfire Games,resolved-to-canonical,secondary-research;primary-or-other,2026-10-07,inherited from canonical dataset,https://en.wikipedia.org/wiki/List_of_commercial_video_games_with_later_released_source_code,accepted-canonical-inherited-unreviewed,Source available / non-commercial,Source available / non-commercial,game-source,authorized-restricted-or-unknown,medium,medium,Seeded from canonical data; refresh with primary-source evidence before treating provenance or authorization as current.,unknown,not-leak,source-code,unknown,unknown,
cand-shogo-mobile-armor-division,shogo-mobile-armor-division,Shogo: Mobile Armor Division,1998,Monolith Productions,resolved-to-canonical,secondary-research;primary-or-other,2026-10-07,inherited from canonical dataset,https://en.wikipedia.org/wiki/List_of_commercial_video_games_with_later_released_source_code,accepted-canonical-inherited-unreviewed,Source/SDK available,Source/SDK available,sdk-only,authorized,medium,medium,Seeded from canonical data; refresh with primary-source evidence before treating provenance or authorization as current.,unknown,not-leak,source-code,unknown,unknown,
cand-soul-ride,soul-ride,Soul Ride,2000,Slingshot Game Technology,resolved-to-canonical,github,2026-10-07,inherited from canonical dataset,https://github.com/Echelon9/soulride,accepted-canonical-inherited-unreviewed,GPL-2.0,GPL-2.0,game-source,unknown,medium,medium,Seeded from canonical data; refresh with primary-source evidence before treating provenance or authorization as current.,unknown,not-leak,source-code,unknown,unknown,
cand-speed-haste,speed-haste,Speed Haste,1996,Unknown / TheJare,resolved-to-canonical,github,2026-10-07,inherited from canonical dataset,https://github.com/TheJare/SpeedHasteSrc,accepted-canonical-inherited-unreviewed,Public permissive source,Public permissive source,game-source,unknown,medium,medium,Seeded from canonical data; refresh with primary-source evidence before treating provenance or authorization as current.,unknown,not-leak,source-code,unknown,unknown,
cand-to-heart-2,to-heart-2,To Heart 2,2004,Leaf / AQUAPLUS,resolved-to-canonical,secondary-research;primary-or-other,2026-10-07,inherited from canonical dataset,https://en.wikipedia.org/wiki/List_of_commercial_video_games_with_later_released_source_code,accepted-canonical-inherited-unreviewed,GPL-2.0,GPL-2.0,game-source-assets-separate,unknown,medium,medium,Seeded from canonical data; refresh with primary-source evidence before treating provenance or authorization as current.,unknown,not-leak,source-code,unknown,unknown,
cand-silent-storm,silent-storm,Silent Storm,2003,Nival Interactive,resolved-to-canonical,secondary-research;primary-or-other,2026-10-07,inherited from canonical dataset,https://en.wikipedia.org/wiki/List_of_commercial_video_games_with_later_released_source_code,accepted-canonical-inherited-unreviewed,Source-available non-commercial,Source-available non-commercial,game-source-assets-separate,authorized-restricted-or-unknown,medium,medium,Seeded from canonical data; refresh with primary-source evidence before treating provenance or authorization as current.,unknown,not-leak,source-code,unknown,unknown,
cand-blitzkrieg,blitzkrieg,Blitzkrieg,2003,Nival Interactive,resolved-to-canonical,secondary-research;primary-or-other,2026-10-07,inherited from canonical dataset,https://en.wikipedia.org/wiki/List_of_commercial_video_games_with_later_released_source_code,accepted-canonical-inherited-unreviewed,Source-available non-commercial,Source-available non-commercial,game-source-assets-separate,authorized-restricted-or-unknown,medium,medium,Seeded from canonical data; refresh with primary-source evidence before treating provenance or authorization as current.,unknown,not-leak,source-code,unknown,unknown,
cand-blitzkrieg-2,blitzkrieg-2,Blitzkrieg 2,2005,Nival Interactive,resolved-to-canonical,secondary-research;primary-or-other,2026-10-07,inherited from canonical dataset,https://en.wikipedia.org/wiki/List_of_commercial_video_games_with_later_released_source_code,accepted-canonical-inherited-unreviewed,Source-available non-commercial,Source-available non-commercial,game-source-assets-separate,authorized-restricted-or-unknown,medium,medium,Seeded from canonical data; refresh with primary-source evidence before treating provenance or authorization as current.,unknown,not-leak,source-code,unknown,unknown,
cand-prime-world,prime-world,Prime World,2014,Nival Interactive,resolved-to-canonical,secondary-research;primary-or-other,2026-10-07,inherited from canonical dataset,https://en.wikipedia.org/wiki/List_of_commercial_video_games_with_later_released_source_code,accepted-canonical-inherited-unreviewed,Source-available non-commercial,Source-available non-commercial,game-source,authorized-restricted-or-unknown,medium,medium,Seeded from canonical data; refresh with primary-source evidence before treating provenance or authorization as current.,unknown,not-leak,source-code,unknown,unknown,
cand-icebreaker-3do,icebreaker-3do,Icebreaker (3DO),1995,Electric Fish / 3DO,resolved-to-canonical,primary-or-other;github,2026-10-07,inherited from canonical dataset,https://3do.dev/Development/Source_Code,accepted-canonical-inherited-unreviewed,Source available,Source available,unknown,unknown,medium,medium,Seeded from canonical data; refresh with primary-source evidence before treating provenance or authorization as current.,unknown,not-leak,source-code,unknown,unknown,
cand-icebreaker-2-3do,icebreaker-2-3do,Icebreaker 2 (3DO),1996,Electric Fish / 3DO,resolved-to-canonical,primary-or-other;github,2026-10-07,inherited from canonical dataset,https://3do.dev/Development/Source_Code,accepted-canonical-inherited-unreviewed,Source available,Source available,unknown,unknown,medium,medium,Seeded from canonical data; refresh with primary-source evidence before treating provenance or authorization as current.,unknown,not-leak,source-code,unknown,unknown,
cand-star-fighter-3do,star-fighter-3do,Star Fighter (3DO),1994,Dollman / 3DO,resolved-to-canonical,primary-or-other;github,2026-10-07,inherited from canonical dataset,https://3do.dev/Development/Source_Code,accepted-canonical-inherited-unreviewed,Source available,Source available,unknown,unknown,medium,medium,Seeded from canonical data; refresh with primary-source evidence before treating provenance or authorization as current.,unknown,not-leak,source-code,unknown,unknown,
cand-escape-from-monster-manor-3do,escape-from-monster-manor-3do,Escape from Monster Manor (3DO),1993,Studio 3DO / 3DO,resolved-to-canonical,primary-or-other;github,2026-10-07,inherited from canonical dataset,https://3do.dev/Development/Source_Code,accepted-canonical-inherited-unreviewed,Source available / proprietary,Source available / proprietary,unknown,authorized-restricted-or-unknown,medium,medium,Seeded from canonical data; refresh with primary-source evidence before treating provenance or authorization as current.,unknown,not-leak,source-code,unknown,unknown,
cand-the-bilestoad,the-bilestoad,The Bilestoad,1982,Mark Turmell,resolved-to-canonical,internet-archive;primary-or-other,2026-10-07,inherited from canonical dataset,https://archive.org/details/gamesourcecode,accepted-canonical-inherited-unreviewed,Source available / license unclear,Source available / license unclear,unknown,unknown,medium,medium,Seeded from canonical data; refresh with primary-source evidence before treating provenance or authorization as current.,unknown,not-leak,source-code,unknown,unknown,
cand-swashbuckler,swashbuckler,Swashbuckler,1982,Datamost / Paul Reiche III,resolved-to-canonical,internet-archive;primary-or-other,2026-10-07,inherited from canonical dataset,https://archive.org/details/gamesourcecode,accepted-canonical-inherited-unreviewed,Source available / license unclear,Source available / license unclear,unknown,unknown,medium,medium,Seeded from canonical data; refresh with primary-source evidence before treating provenance or authorization as current.,unknown,not-leak,source-code,unknown,unknown,
cand-super-3d-noah-s-ark,super-3d-noah-s-ark,Super 3D Noah's Ark,1994,Wisdom Tree,resolved-to-canonical,internet-archive;primary-or-other,2026-10-07,inherited from canonical dataset,https://archive.org/details/gamesourcecode,accepted-canonical-inherited-unreviewed,Source available / license unclear,Source available / license unclear,unknown,unknown,medium,medium,Seeded from canonical data; refresh with primary-source evidence before treating provenance or authorization as current.,unknown,not-leak,source-code,unknown,unknown,
cand-tempest-2000,tempest-2000,Tempest 2000,1994,Llamasoft / Atari,resolved-to-canonical,secondary-research;primary-or-other,2026-10-07,inherited from canonical dataset,https://en.wikipedia.org/wiki/List_of_commercial_video_games_with_later_released_source_code,accepted-canonical-inherited-unreviewed,Source available / license unclear,Source available / license unclear,unknown,unknown,medium,medium,Seeded from canonical data; refresh with primary-source evidence before treating provenance or authorization as current.,unknown,not-leak,source-code,unknown,unknown,
cand-california-watersports,california-watersports,California Watersports,1994,Crystal Dynamics / PS1 developers,resolved-to-canonical,internet-archive;primary-or-other,2026-10-07,inherited from canonical dataset,https://archive.org/details/gamesourcecode,accepted-canonical-inherited-unreviewed,Source available with permission,Source available with permission,unknown,authorized,medium,medium,Seeded from canonical data; refresh with primary-source evidence before treating provenance or authorization as current.,unknown,not-leak,source-code,unknown,unknown,
cand-tomb-raider-ii,tomb-raider-ii,Tomb Raider II,1997,Core Design / Eidos,resolved-to-canonical,internet-archive;primary-or-other,2026-10-07,inherited from canonical dataset,https://archive.org/details/gamesourcecode,accepted-canonical-inherited-unreviewed,Source available / license unclear,Source available / license unclear,game-source-assets-separate,unknown,medium,medium,Seeded from canonical data; refresh with primary-source evidence before treating provenance or authorization as current.,unknown,not-leak,source-code,unknown,unknown,
cand-the-lion-king-gbc-nes-source,the-lion-king-gbc-nes-source,The Lion King (GBC/NES source),1994,Virgin Interactive / platform teams,resolved-to-canonical,internet-archive;primary-or-other,2026-10-07,inherited from canonical dataset,https://archive.org/details/gamesourcecode,accepted-canonical-inherited-unreviewed,Source available / license unclear,Source available / license unclear,unknown,unknown,medium,medium,Seeded from canonical data; refresh with primary-source evidence before treating provenance or authorization as current.,unknown,not-leak,source-code,unknown,unknown,
cand-dungeons-of-daggorath,dungeons-of-daggorath,Dungeons of Daggorath,1982,DynaMicro / Radio Shack,resolved-to-canonical,secondary-research;primary-or-other,2026-10-07,inherited from canonical dataset,https://en.wikipedia.org/wiki/List_of_commercial_video_games_with_later_released_source_code,accepted-canonical-inherited-unreviewed,Source available / non-commercial,Source available / non-commercial,unknown,authorized-restricted-or-unknown,medium,medium,Seeded from canonical data; refresh with primary-source evidence before treating provenance or authorization as current.,unknown,not-leak,source-code,unknown,unknown,
cand-enemy-nations,enemy-nations,Enemy Nations,1996,Windward Studios,resolved-to-canonical,secondary-research;primary-or-other,2026-10-07,inherited from canonical dataset,https://en.wikipedia.org/wiki/List_of_commercial_video_games_with_later_released_source_code,accepted-canonical-inherited-unreviewed,Source available / non-commercial,Source available / non-commercial,game-source,authorized-restricted-or-unknown,medium,medium,Seeded from canonical data; refresh with primary-source evidence before treating provenance or authorization as current.,unknown,not-leak,source-code,unknown,unknown,
cand-fort-apocalypse,fort-apocalypse,Fort Apocalypse,1982,Steve Harter / Synapse Software,resolved-to-canonical,secondary-research;primary-or-other,2026-10-07,inherited from canonical dataset,https://en.wikipedia.org/wiki/List_of_commercial_video_games_with_later_released_source_code,accepted-canonical-inherited-unreviewed,CC BY-NC-ND,CC BY-NC-ND,game-source,authorized-restricted-or-unknown,medium,medium,Seeded from canonical data; refresh with primary-source evidence before treating provenance or authorization as current.,unknown,not-leak,source-code,unknown,unknown,
cand-doom-jaguar,doom-jaguar,Doom (Jaguar),1994,id Software / Atari,resolved-to-canonical,secondary-research;primary-or-other,2026-10-07,inherited from canonical dataset,https://en.wikipedia.org/wiki/List_of_commercial_video_games_with_later_released_source_code,accepted-canonical-inherited-unreviewed,Source available / proprietary,Source available / proprietary,unknown,authorized-restricted-or-unknown,medium,medium,Seeded from canonical data; refresh with primary-source evidence before treating provenance or authorization as current.,unknown,not-leak,source-code,unknown,unknown,
