evidence_id,candidate_id,evidence_source,evidence_url,evidence_title,accessed_at,evidence_type,publisher_or_owner,source_release_date,license_claim,source_scope_claim,authorization_signal,source_completeness_claim,confidence,notes
ev-doom-primary-source,cand-doom,secondary-research,https://en.wikipedia.org/wiki/List_of_commercial_video_games_with_later_released_source_code,Canonical primary-source field,2026-10-07,secondary-research,,1997,GPL-2.0,Game/engine source,unknown,game-source-assets-separate,medium,Inherited canonical evidence; exact publication/authorization should be re-verified during a discovery refresh.
ev-doom-repo,cand-doom,github,https://github.com/id-Software/DOOM,Canonical repository field,2026-10-07,repository-reference,,1997,GPL-2.0,Game/engine source,unknown,game-source-assets-separate,medium,Repository inherited from canonical dataset; license/file scope should be inspected directly.
ev-quake-primary-source,cand-quake,secondary-research,https://en.wikipedia.org/wiki/List_of_commercial_video_games_with_later_released_source_code,Canonical primary-source field,2026-10-07,secondary-research,,1999,GPL-2.0-or-later,Game/engine source,unknown,game-source-assets-separate,medium,Inherited canonical evidence; exact publication/authorization should be re-verified during a discovery refresh.
ev-quake-repo,cand-quake,github,https://github.com/id-Software/Quake,Canonical repository field,2026-10-07,repository-reference,,1999,GPL-2.0-or-later,Game/engine source,unknown,game-source-assets-separate,medium,Repository inherited from canonical dataset; license/file scope should be inspected directly.
ev-quake-iii-arena-primary-source,cand-quake-iii-arena,secondary-research,https://en.wikipedia.org/wiki/List_of_commercial_video_games_with_later_released_source_code,Canonical primary-source field,2026-10-07,secondary-research,,2005,GPL-2.0-or-later,Game/engine source,unknown,game-source-assets-separate,medium,Inherited canonical evidence; exact publication/authorization should be re-verified during a discovery refresh.
ev-quake-iii-arena-repo,cand-quake-iii-arena,github,https://github.com/id-Software/Quake-III-Arena,Canonical repository field,2026-10-07,repository-reference,,2005,GPL-2.0-or-later,Game/engine source,unknown,game-source-assets-separate,medium,Repository inherited from canonical dataset; license/file scope should be inspected directly.
ev-duke-nukem-3d-primary-source,cand-duke-nukem-3d,secondary-research,https://en.wikipedia.org/wiki/List_of_commercial_video_games_with_later_released_source_code,Canonical primary-source field,2026-10-07,secondary-research,,2003,GPL-2.0,Game source,unknown,game-source-assets-separate,medium,Inherited canonical evidence; exact publication/authorization should be re-verified during a discovery refresh.
ev-duke-nukem-3d-repo,cand-duke-nukem-3d,github,https://github.com/icculus/duke3d,Canonical repository field,2026-10-07,repository-reference,,2003,GPL-2.0,Game source,unknown,game-source-assets-separate,medium,Repository inherited from canonical dataset; license/file scope should be inspected directly.
ev-doom-ii-primary-source,cand-doom-ii,secondary-research,https://en.wikipedia.org/wiki/List_of_commercial_video_games_with_later_released_source_code,Canonical primary-source field,2026-10-07,secondary-research,,1999,GPL-2.0,Shares DOOM source lineage,unknown,unknown,medium,Inherited canonical evidence; exact publication/authorization should be re-verified during a discovery refresh.
ev-doom-ii-repo,cand-doom-ii,github,https://github.com/id-Software/DOOM,Canonical repository field,2026-10-07,repository-reference,,1999,GPL-2.0,Shares DOOM source lineage,unknown,unknown,medium,Repository inherited from canonical dataset; license/file scope should be inspected directly.
ev-wolfenstein-3d-primary-source,cand-wolfenstein-3d,secondary-research,https://en.wikipedia.org/wiki/List_of_commercial_video_games_with_later_released_source_code,Canonical primary-source field,2026-10-07,secondary-research,,1995,GPL-2.0-or-later,Game source,unknown,game-source-assets-separate,medium,Inherited canonical evidence; exact publication/authorization should be re-verified during a discovery refresh.
ev-wolfenstein-3d-repo,cand-wolfenstein-3d,github,https://github.com/id-Software/wolf3d,Canonical repository field,2026-10-07,repository-reference,,1995,GPL-2.0-or-later,Game source,unknown,game-source-assets-separate,medium,Repository inherited from canonical dataset; license/file scope should be inspected directly.
ev-quake-ii-primary-source,cand-quake-ii,secondary-research,https://en.wikipedia.org/wiki/List_of_commercial_video_games_with_later_released_source_code,Canonical primary-source field,2026-10-07,secondary-research,,2001,GPL-2.0-or-later,Game/engine source,unknown,game-source-assets-separate,medium,Inherited canonical evidence; exact publication/authorization should be re-verified during a discovery refresh.
ev-quake-ii-repo,cand-quake-ii,github,https://github.com/id-Software/Quake-2,Canonical repository field,2026-10-07,repository-reference,,2001,GPL-2.0-or-later,Game/engine source,unknown,game-source-assets-separate,medium,Repository inherited from canonical dataset; license/file scope should be inspected directly.
ev-doom-3-primary-source,cand-doom-3,secondary-research,https://en.wikipedia.org/wiki/List_of_commercial_video_games_with_later_released_source_code,Canonical primary-source field,2026-10-07,secondary-research,,2011,GPL-3.0,Engine/game source,unknown,game-source-assets-separate,medium,Inherited canonical evidence; exact publication/authorization should be re-verified during a discovery refresh.
ev-doom-3-repo,cand-doom-3,github,https://github.com/id-Software/DOOM-3,Canonical repository field,2026-10-07,repository-reference,,2011,GPL-3.0,Engine/game source,unknown,game-source-assets-separate,medium,Repository inherited from canonical dataset; license/file scope should be inspected directly.
ev-doom-3-bfg-edition-primary-source,cand-doom-3-bfg-edition,secondary-research,https://en.wikipedia.org/wiki/List_of_commercial_video_games_with_later_released_source_code,Canonical primary-source field,2026-10-07,secondary-research,,2012,GPL-3.0,Engine/game source,unknown,game-source-assets-separate,medium,Inherited canonical evidence; exact publication/authorization should be re-verified during a discovery refresh.
ev-doom-3-bfg-edition-repo,cand-doom-3-bfg-edition,github,https://github.com/id-Software/DOOM-3-BFG,Canonical repository field,2026-10-07,repository-reference,,2012,GPL-3.0,Engine/game source,unknown,game-source-assets-separate,medium,Repository inherited from canonical dataset; license/file scope should be inspected directly.
ev-return-to-castle-wolfenstein-primary-source,cand-return-to-castle-wolfenstein,secondary-research,https://en.wikipedia.org/wiki/List_of_commercial_video_games_with_later_released_source_code,Canonical primary-source field,2026-10-07,secondary-research,,2010,GPL-3.0,Engine/game source,unknown,game-source-assets-separate,medium,Inherited canonical evidence; exact publication/authorization should be re-verified during a discovery refresh.
ev-return-to-castle-wolfenstein-repo,cand-return-to-castle-wolfenstein,github,https://github.com/id-Software/RTCW-SP,Canonical repository field,2026-10-07,repository-reference,,2010,GPL-3.0,Engine/game source,unknown,game-source-assets-separate,medium,Repository inherited from canonical dataset; license/file scope should be inspected directly.
ev-wolfenstein-enemy-territory-primary-source,cand-wolfenstein-enemy-territory,secondary-research,https://en.wikipedia.org/wiki/List_of_commercial_video_games_with_later_released_source_code,Canonical primary-source field,2026-10-07,secondary-research,,2010,GPL-3.0,Multiplayer game/engine source,unknown,game-source-assets-separate,medium,Inherited canonical evidence; exact publication/authorization should be re-verified during a discovery refresh.
ev-wolfenstein-enemy-territory-repo,cand-wolfenstein-enemy-territory,github,https://github.com/id-Software/Enemy-Territory,Canonical repository field,2026-10-07,repository-reference,,2010,GPL-3.0,Multiplayer game/engine source,unknown,game-source-assets-separate,medium,Repository inherited from canonical dataset; license/file scope should be inspected directly.
ev-homeworld-primary-source,cand-homeworld,secondary-research,https://en.wikipedia.org/wiki/List_of_commercial_video_games_with_later_released_source_code,Canonical primary-source field,2026-10-07,secondary-research,,2003,Non-commercial source license,Game source,authorized-restricted-or-unknown,game-source-assets-separate,medium,Inherited canonical evidence; exact publication/authorization should be re-verified during a discovery refresh.
ev-system-shock-primary-source,cand-system-shock,secondary-research,https://en.wikipedia.org/wiki/List_of_commercial_video_games_with_later_released_source_code,Canonical primary-source field,2026-10-07,secondary-research,,2018,GPL-3.0,Mac source release / engine code,unknown,unknown,medium,Inherited canonical evidence; exact publication/authorization should be re-verified during a discovery refresh.
ev-system-shock-repo,cand-system-shock,github,https://github.com/NightDive-Studio/shockmac,Canonical repository field,2026-10-07,repository-reference,,2018,GPL-3.0,Mac source release / engine code,unknown,unknown,medium,Repository inherited from canonical dataset; license/file scope should be inspected directly.
ev-serious-sam-classic-primary-source,cand-serious-sam-classic,secondary-research,https://en.wikipedia.org/wiki/List_of_commercial_video_games_with_later_released_source_code,Canonical primary-source field,2026-10-07,secondary-research,,2016,GPL-2.0,Engine + game source,unknown,game-source-assets-separate,medium,Inherited canonical evidence; exact publication/authorization should be re-verified during a discovery refresh.
ev-serious-sam-classic-repo,cand-serious-sam-classic,github,https://github.com/Croteam-official/Serious-Engine,Canonical repository field,2026-10-07,repository-reference,,2016,GPL-2.0,Engine + game source,unknown,game-source-assets-separate,medium,Repository inherited from canonical dataset; license/file scope should be inspected directly.
ev-descent-3-primary-source,cand-descent-3,secondary-research,https://en.wikipedia.org/wiki/List_of_commercial_video_games_with_later_released_source_code,Canonical primary-source field,2026-10-07,secondary-research,,2024,GPL-3.0,Game/engine source,unknown,game-source-assets-separate,medium,Inherited canonical evidence; exact publication/authorization should be re-verified during a discovery refresh.
ev-descent-3-repo,cand-descent-3,github,https://github.com/DescentDevelopers/Descent3,Canonical repository field,2026-10-07,repository-reference,,2024,GPL-3.0,Game/engine source,unknown,game-source-assets-separate,medium,Repository inherited from canonical dataset; license/file scope should be inspected directly.
ev-descent-primary-source,cand-descent,secondary-research,https://en.wikipedia.org/wiki/List_of_commercial_video_games_with_later_released_source_code,Canonical primary-source field,2026-10-07,secondary-research,,1997,Source available,Near-complete source,unknown,near-complete,medium,Inherited canonical evidence; exact publication/authorization should be re-verified during a discovery refresh.
ev-descent-repo,cand-descent,github,https://github.com/dxx-rebirth/d1x-rebirth,Canonical repository field,2026-10-07,repository-reference,,1997,Source available,Near-complete source,unknown,near-complete,medium,Repository inherited from canonical dataset; license/file scope should be inspected directly.
ev-descent-ii-primary-source,cand-descent-ii,secondary-research,https://en.wikipedia.org/wiki/List_of_commercial_video_games_with_later_released_source_code,Canonical primary-source field,2026-10-07,secondary-research,,1999,Source available,Near-complete source,unknown,near-complete,medium,Inherited canonical evidence; exact publication/authorization should be re-verified during a discovery refresh.
ev-descent-ii-repo,cand-descent-ii,github,https://github.com/dxx-rebirth/d2x-rebirth,Canonical repository field,2026-10-07,repository-reference,,1999,Source available,Near-complete source,unknown,near-complete,medium,Repository inherited from canonical dataset; license/file scope should be inspected directly.
ev-freespace-2-primary-source,cand-freespace-2,secondary-research,https://en.wikipedia.org/wiki/List_of_commercial_video_games_with_later_released_source_code,Canonical primary-source field,2026-10-07,secondary-research,,2002,Source available / SCP,Game/engine source,unknown,game-source-assets-separate,medium,Inherited canonical evidence; exact publication/authorization should be re-verified during a discovery refresh.
ev-freespace-2-repo,cand-freespace-2,github,https://github.com/scp-fs2open/fs2open.github.com,Canonical repository field,2026-10-07,repository-reference,,2002,Source available / SCP,Game/engine source,unknown,game-source-assets-separate,medium,Repository inherited from canonical dataset; license/file scope should be inspected directly.
ev-star-wars-jedi-knight-ii-jedi-outcast-primary-source,cand-star-wars-jedi-knight-ii-jedi-outcast,secondary-research,https://en.wikipedia.org/wiki/List_of_commercial_video_games_with_later_released_source_code,Canonical primary-source field,2026-10-07,secondary-research,,2013,GPL-2.0,Game/engine source,unknown,game-source-assets-separate,medium,Inherited canonical evidence; exact publication/authorization should be re-verified during a discovery refresh.
ev-star-wars-jedi-knight-ii-jedi-outcast-repo,cand-star-wars-jedi-knight-ii-jedi-outcast,github,https://github.com/JACoders/OpenJK,Canonical repository field,2026-10-07,repository-reference,,2013,GPL-2.0,Game/engine source,unknown,game-source-assets-separate,medium,Repository inherited from canonical dataset; license/file scope should be inspected directly.
ev-star-wars-jedi-knight-jedi-academy-primary-source,cand-star-wars-jedi-knight-jedi-academy,secondary-research,https://en.wikipedia.org/wiki/List_of_commercial_video_games_with_later_released_source_code,Canonical primary-source field,2026-10-07,secondary-research,,2013,GPL-2.0,Game/engine source,unknown,game-source-assets-separate,medium,Inherited canonical evidence; exact publication/authorization should be re-verified during a discovery refresh.
ev-star-wars-jedi-knight-jedi-academy-repo,cand-star-wars-jedi-knight-jedi-academy,github,https://github.com/JACoders/OpenJK,Canonical repository field,2026-10-07,repository-reference,,2013,GPL-2.0,Game/engine source,unknown,game-source-assets-separate,medium,Repository inherited from canonical dataset; license/file scope should be inspected directly.
ev-command-conquer-tiberian-dawn-primary-source,cand-command-conquer-tiberian-dawn,secondary-research,https://en.wikipedia.org/wiki/List_of_commercial_video_games_with_later_released_source_code,Canonical primary-source field,2026-10-07,secondary-research,,2020/2025,GPL-3.0,Game source,unknown,game-source,medium,Inherited canonical evidence; exact publication/authorization should be re-verified during a discovery refresh.
ev-command-conquer-tiberian-dawn-repo,cand-command-conquer-tiberian-dawn,github,https://github.com/electronicarts/CnC_Tiberian_Dawn,Canonical repository field,2026-10-07,repository-reference,,2020/2025,GPL-3.0,Game source,unknown,game-source,medium,Repository inherited from canonical dataset; license/file scope should be inspected directly.
ev-command-conquer-red-alert-primary-source,cand-command-conquer-red-alert,secondary-research,https://en.wikipedia.org/wiki/List_of_commercial_video_games_with_later_released_source_code,Canonical primary-source field,2026-10-07,secondary-research,,2020/2025,GPL-3.0,Game source,unknown,game-source,medium,Inherited canonical evidence; exact publication/authorization should be re-verified during a discovery refresh.
ev-command-conquer-red-alert-repo,cand-command-conquer-red-alert,github,https://github.com/electronicarts/CnC_Red_Alert,Canonical repository field,2026-10-07,repository-reference,,2020/2025,GPL-3.0,Game source,unknown,game-source,medium,Repository inherited from canonical dataset; license/file scope should be inspected directly.
ev-warzone-2100-primary-source,cand-warzone-2100,secondary-research,https://en.wikipedia.org/wiki/List_of_commercial_video_games_with_later_released_source_code,Canonical primary-source field,2026-10-07,secondary-research,,2004,GPL-2.0,Game source + released content,unknown,game-source,medium,Inherited canonical evidence; exact publication/authorization should be re-verified during a discovery refresh.
ev-warzone-2100-repo,cand-warzone-2100,github,https://github.com/Warzone2100/warzone2100,Canonical repository field,2026-10-07,repository-reference,,2004,GPL-2.0,Game source + released content,unknown,game-source,medium,Repository inherited from canonical dataset; license/file scope should be inspected directly.
ev-space-engineers-primary-source,cand-space-engineers,secondary-research,https://en.wikipedia.org/wiki/List_of_commercial_video_games_with_later_released_source_code,Canonical primary-source field,2026-10-07,secondary-research,,2015,Source-available proprietary license,Very large/full source access,authorized-restricted-or-unknown,unknown,medium,Inherited canonical evidence; exact publication/authorization should be re-verified during a discovery refresh.
ev-space-engineers-repo,cand-space-engineers,github,https://github.com/KeenSoftwareHouse/SpaceEngineers,Canonical repository field,2026-10-07,repository-reference,,2015,Source-available proprietary license,Very large/full source access,authorized-restricted-or-unknown,unknown,medium,Repository inherited from canonical dataset; license/file scope should be inspected directly.
ev-prince-of-persia-primary-source,cand-prince-of-persia,secondary-research,https://en.wikipedia.org/wiki/List_of_commercial_video_games_with_later_released_source_code,Canonical primary-source field,2026-10-07,secondary-research,,2012,Source available,Original Apple II source,unknown,unknown,medium,Inherited canonical evidence; exact publication/authorization should be re-verified during a discovery refresh.
ev-simcity-micropolis-primary-source,cand-simcity-micropolis,secondary-research,https://en.wikipedia.org/wiki/List_of_commercial_video_games_with_later_released_source_code,Canonical primary-source field,2026-10-07,secondary-research,,2008,GPL,Game source,unknown,game-source,medium,Inherited canonical evidence; exact publication/authorization should be re-verified during a discovery refresh.
ev-simcity-micropolis-repo,cand-simcity-micropolis,github,https://github.com/SimHacker/micropolis,Canonical repository field,2026-10-07,repository-reference,,2008,GPL,Game source,unknown,game-source,medium,Repository inherited from canonical dataset; license/file scope should be inspected directly.
ev-star-control-ii-the-ur-quan-masters-primary-source,cand-star-control-ii-the-ur-quan-masters,secondary-research,https://en.wikipedia.org/wiki/List_of_commercial_video_games_with_later_released_source_code,Canonical primary-source field,2026-10-07,secondary-research,,2002,GPL / open content components,Engine/game source via UQM,unknown,game-source,medium,Inherited canonical evidence; exact publication/authorization should be re-verified during a discovery refresh.
ev-star-control-ii-the-ur-quan-masters-repo,cand-star-control-ii-the-ur-quan-masters,github,https://github.com/uqm/freecnc,Canonical repository field,2026-10-07,repository-reference,,2002,GPL / open content components,Engine/game source via UQM,unknown,game-source,medium,Repository inherited from canonical dataset; license/file scope should be inspected directly.
ev-marathon-primary-source,cand-marathon,secondary-research,https://en.wikipedia.org/wiki/List_of_commercial_video_games_with_later_released_source_code,Canonical primary-source field,2026-10-07,secondary-research,,1990s-2000s,GPL/Open assets depending component,Engine/game source lineage,unknown,game-source,medium,Inherited canonical evidence; exact publication/authorization should be re-verified during a discovery refresh.
ev-marathon-repo,cand-marathon,github,https://github.com/Aleph-One-Marathon/alephone,Canonical repository field,2026-10-07,repository-reference,,1990s-2000s,GPL/Open assets depending component,Engine/game source lineage,unknown,game-source,medium,Repository inherited from canonical dataset; license/file scope should be inspected directly.
ev-marathon-2-durandal-primary-source,cand-marathon-2-durandal,secondary-research,https://en.wikipedia.org/wiki/List_of_commercial_video_games_with_later_released_source_code,Canonical primary-source field,2026-10-07,secondary-research,,1990s-2000s,GPL/Open assets depending component,Engine/game source lineage,unknown,game-source,medium,Inherited canonical evidence; exact publication/authorization should be re-verified during a discovery refresh.
ev-marathon-2-durandal-repo,cand-marathon-2-durandal,github,https://github.com/Aleph-One-Marathon/alephone,Canonical repository field,2026-10-07,repository-reference,,1990s-2000s,GPL/Open assets depending component,Engine/game source lineage,unknown,game-source,medium,Repository inherited from canonical dataset; license/file scope should be inspected directly.
ev-marathon-infinity-primary-source,cand-marathon-infinity,secondary-research,https://en.wikipedia.org/wiki/List_of_commercial_video_games_with_later_released_source_code,Canonical primary-source field,2026-10-07,secondary-research,,1990s-2000s,GPL/Open assets depending component,Engine/game source lineage,unknown,game-source,medium,Inherited canonical evidence; exact publication/authorization should be re-verified during a discovery refresh.
ev-marathon-infinity-repo,cand-marathon-infinity,github,https://github.com/Aleph-One-Marathon/alephone,Canonical repository field,2026-10-07,repository-reference,,1990s-2000s,GPL/Open assets depending component,Engine/game source lineage,unknown,game-source,medium,Repository inherited from canonical dataset; license/file scope should be inspected directly.
ev-heretic-primary-source,cand-heretic,secondary-research,https://en.wikipedia.org/wiki/List_of_commercial_video_games_with_later_released_source_code,Canonical primary-source field,2026-10-07,secondary-research,,1999,GPL-2.0,Game source,unknown,game-source-assets-separate,medium,Inherited canonical evidence; exact publication/authorization should be re-verified during a discovery refresh.
ev-heretic-repo,cand-heretic,github,https://github.com/chocolate-doom/chocolate-doom,Canonical repository field,2026-10-07,repository-reference,,1999,GPL-2.0,Game source,unknown,game-source-assets-separate,medium,Repository inherited from canonical dataset; license/file scope should be inspected directly.
ev-hexen-beyond-heretic-primary-source,cand-hexen-beyond-heretic,secondary-research,https://en.wikipedia.org/wiki/List_of_commercial_video_games_with_later_released_source_code,Canonical primary-source field,2026-10-07,secondary-research,,1999,GPL-2.0,Game source,unknown,game-source-assets-separate,medium,Inherited canonical evidence; exact publication/authorization should be re-verified during a discovery refresh.
ev-hexen-beyond-heretic-repo,cand-hexen-beyond-heretic,github,https://github.com/chocolate-doom/chocolate-doom,Canonical repository field,2026-10-07,repository-reference,,1999,GPL-2.0,Game source,unknown,game-source-assets-separate,medium,Repository inherited from canonical dataset; license/file scope should be inspected directly.
ev-hexen-ii-primary-source,cand-hexen-ii,secondary-research,https://en.wikipedia.org/wiki/List_of_commercial_video_games_with_later_released_source_code,Canonical primary-source field,2026-10-07,secondary-research,,1999,GPL-2.0-or-later,Engine/game source,unknown,game-source-assets-separate,medium,Inherited canonical evidence; exact publication/authorization should be re-verified during a discovery refresh.
ev-hexen-ii-repo,cand-hexen-ii,github,https://github.com/yquake2/hexen2,Canonical repository field,2026-10-07,repository-reference,,1999,GPL-2.0-or-later,Engine/game source,unknown,game-source-assets-separate,medium,Repository inherited from canonical dataset; license/file scope should be inspected directly.
ev-strife-primary-source,cand-strife,secondary-research,https://en.wikipedia.org/wiki/List_of_commercial_video_games_with_later_released_source_code,Canonical primary-source field,2026-10-07,secondary-research,,2014,GPL-2.0-or-later,Game source,unknown,game-source-assets-separate,medium,Inherited canonical evidence; exact publication/authorization should be re-verified during a discovery refresh.
ev-strife-repo,cand-strife,github,https://github.com/coelckers/strife,Canonical repository field,2026-10-07,repository-reference,,2014,GPL-2.0-or-later,Game source,unknown,game-source-assets-separate,medium,Repository inherited from canonical dataset; license/file scope should be inspected directly.
ev-heretic-ii-primary-source,cand-heretic-ii,secondary-research,https://en.wikipedia.org/wiki/List_of_commercial_video_games_with_later_released_source_code,Canonical primary-source field,2026-10-07,secondary-research,,1998,Proprietary source/SDK,Game code in official tools,authorized-restricted-or-unknown,game-source-assets-separate,medium,Inherited canonical evidence; exact publication/authorization should be re-verified during a discovery refresh.
ev-shadow-warrior-primary-source,cand-shadow-warrior,secondary-research,https://en.wikipedia.org/wiki/List_of_commercial_video_games_with_later_released_source_code,Canonical primary-source field,2026-10-07,secondary-research,,2005,GPL-2.0,Game source,unknown,game-source-assets-separate,medium,Inherited canonical evidence; exact publication/authorization should be re-verified during a discovery refresh.
ev-rise-of-the-triad-primary-source,cand-rise-of-the-triad,secondary-research,https://en.wikipedia.org/wiki/List_of_commercial_video_games_with_later_released_source_code,Canonical primary-source field,2026-10-07,secondary-research,,2005,GPL-2.0,Game source,unknown,game-source-assets-separate,medium,Inherited canonical evidence; exact publication/authorization should be re-verified during a discovery refresh.
ev-sin-primary-source,cand-sin,secondary-research,https://en.wikipedia.org/wiki/List_of_commercial_video_games_with_later_released_source_code,Canonical primary-source field,2026-10-07,secondary-research,,2006,GPL-2.0,Game/engine source,unknown,game-source-assets-separate,medium,Inherited canonical evidence; exact publication/authorization should be re-verified during a discovery refresh.
ev-kingpin-life-of-crime-primary-source,cand-kingpin-life-of-crime,secondary-research,https://en.wikipedia.org/wiki/List_of_commercial_video_games_with_later_released_source_code,Canonical primary-source field,2026-10-07,secondary-research,,2001,GPL-2.0,Game/engine source,unknown,game-source-assets-separate,medium,Inherited canonical evidence; exact publication/authorization should be re-verified during a discovery refresh.
ev-heavy-metal-f-a-k-k-2-primary-source,cand-heavy-metal-f-a-k-k-2,secondary-research,https://en.wikipedia.org/wiki/List_of_commercial_video_games_with_later_released_source_code,Canonical primary-source field,2026-10-07,secondary-research,,2001,Proprietary source/SDK,Game code distributed with official tools,authorized-restricted-or-unknown,game-source-assets-separate,medium,Inherited canonical evidence; exact publication/authorization should be re-verified during a discovery refresh.
ev-soldier-of-fortune-primary-source,cand-soldier-of-fortune,secondary-research,https://en.wikipedia.org/wiki/List_of_commercial_video_games_with_later_released_source_code,Canonical primary-source field,2026-10-07,secondary-research,,2000s,Proprietary source/SDK,Game code via official SDK,authorized-restricted-or-unknown,sdk-only,medium,Inherited canonical evidence; exact publication/authorization should be re-verified during a discovery refresh.
ev-soldier-of-fortune-ii-double-helix-primary-source,cand-soldier-of-fortune-ii-double-helix,secondary-research,https://en.wikipedia.org/wiki/List_of_commercial_video_games_with_later_released_source_code,Canonical primary-source field,2026-10-07,secondary-research,,2000s,Proprietary source/SDK,Game code via SDK,authorized-restricted-or-unknown,sdk-only,medium,Inherited canonical evidence; exact publication/authorization should be re-verified during a discovery refresh.
ev-star-trek-voyager-elite-force-primary-source,cand-star-trek-voyager-elite-force,secondary-research,https://en.wikipedia.org/wiki/List_of_commercial_video_games_with_later_released_source_code,Canonical primary-source field,2026-10-07,secondary-research,,2000s,Source/SDK availability,Game code through tools/SDK,unknown,sdk-only,medium,Inherited canonical evidence; exact publication/authorization should be re-verified during a discovery refresh.
ev-aliens-versus-predator-primary-source,cand-aliens-versus-predator,secondary-research,https://en.wikipedia.org/wiki/List_of_commercial_video_games_with_later_released_source_code,Canonical primary-source field,2026-10-07,secondary-research,,2013,Non-commercial source license,Game source,authorized-restricted-or-unknown,game-source-assets-separate,medium,Inherited canonical evidence; exact publication/authorization should be re-verified during a discovery refresh.
ev-no-one-lives-forever-primary-source,cand-no-one-lives-forever,secondary-research,https://en.wikipedia.org/wiki/List_of_commercial_video_games_with_later_released_source_code,Canonical primary-source field,2026-10-07,secondary-research,,2001,Proprietary / toolkit source,Game source/toolkit,authorized-restricted-or-unknown,game-source-assets-separate,medium,Inherited canonical evidence; exact publication/authorization should be re-verified during a discovery refresh.
ev-no-one-lives-forever-2-primary-source,cand-no-one-lives-forever-2,secondary-research,https://en.wikipedia.org/wiki/List_of_commercial_video_games_with_later_released_source_code,Canonical primary-source field,2026-10-07,secondary-research,,2011,Source-available/toolkit release,Game source/toolkit,authorized-restricted-or-unknown,game-source-assets-separate,medium,Inherited canonical evidence; exact publication/authorization should be re-verified during a discovery refresh.
ev-natural-selection-primary-source,cand-natural-selection,secondary-research,https://en.wikipedia.org/wiki/List_of_commercial_video_games_with_later_released_source_code,Canonical primary-source field,2026-10-07,secondary-research,,2014,Source-available community code,Large amount of original mod code,authorized-restricted-or-unknown,unknown,medium,Inherited canonical evidence; exact publication/authorization should be re-verified during a discovery refresh.
ev-canabalt-primary-source,cand-canabalt,secondary-research,https://en.wikipedia.org/wiki/List_of_commercial_video_games_with_later_released_source_code,Canonical primary-source field,2026-10-07,secondary-research,,2010s,Source available,Game source,unknown,game-source-assets-separate,medium,Inherited canonical evidence; exact publication/authorization should be re-verified during a discovery refresh.
ev-vvvvvv-primary-source,cand-vvvvvv,secondary-research,https://en.wikipedia.org/wiki/List_of_commercial_video_games_with_later_released_source_code,Canonical primary-source field,2026-10-07,secondary-research,,2020,Custom source license,Large source release,authorized-restricted-or-unknown,unknown,medium,Inherited canonical evidence; exact publication/authorization should be re-verified during a discovery refresh.
ev-vvvvvv-repo,cand-vvvvvv,github,https://github.com/TerryCavanagh/VVVVVV,Canonical repository field,2026-10-07,repository-reference,,2020,Custom source license,Large source release,authorized-restricted-or-unknown,unknown,medium,Repository inherited from canonical dataset; license/file scope should be inspected directly.
ev-overgrowth-primary-source,cand-overgrowth,secondary-research,https://en.wikipedia.org/wiki/List_of_commercial_video_games_with_later_released_source_code,Canonical primary-source field,2026-10-07,secondary-research,,2022,Apache-2.0 source,Game source,unknown,game-source,medium,Inherited canonical evidence; exact publication/authorization should be re-verified during a discovery refresh.
ev-overgrowth-repo,cand-overgrowth,github,https://github.com/WolfireGames/overgrowth,Canonical repository field,2026-10-07,repository-reference,,2022,Apache-2.0 source,Game source,unknown,game-source,medium,Repository inherited from canonical dataset; license/file scope should be inspected directly.
ev-lugaru-primary-source,cand-lugaru,secondary-research,https://en.wikipedia.org/wiki/List_of_commercial_video_games_with_later_released_source_code,Canonical primary-source field,2026-10-07,secondary-research,,2010,GPL-2.0-or-later,Game source,unknown,game-source,medium,Inherited canonical evidence; exact publication/authorization should be re-verified during a discovery refresh.
ev-lugaru-repo,cand-lugaru,github,https://github.com/WolfireGames/lugaru,Canonical repository field,2026-10-07,repository-reference,,2010,GPL-2.0-or-later,Game source,unknown,game-source,medium,Repository inherited from canonical dataset; license/file scope should be inspected directly.
ev-aquaria-primary-source,cand-aquaria,secondary-research,https://en.wikipedia.org/wiki/List_of_commercial_video_games_with_later_released_source_code,Canonical primary-source field,2026-10-07,secondary-research,,2010,GPL-3.0,Game source,unknown,game-source,medium,Inherited canonical evidence; exact publication/authorization should be re-verified during a discovery refresh.
ev-gish-primary-source,cand-gish,secondary-research,https://en.wikipedia.org/wiki/List_of_commercial_video_games_with_later_released_source_code,Canonical primary-source field,2026-10-07,secondary-research,,2010,GPL,Game source,unknown,game-source,medium,Inherited canonical evidence; exact publication/authorization should be re-verified during a discovery refresh.
ev-amnesia-the-dark-descent-primary-source,cand-amnesia-the-dark-descent,secondary-research,https://en.wikipedia.org/wiki/List_of_commercial_video_games_with_later_released_source_code,Canonical primary-source field,2026-10-07,secondary-research,,2020,GPL-3.0,Game + engine + tools,unknown,game-source-assets-separate,medium,Inherited canonical evidence; exact publication/authorization should be re-verified during a discovery refresh.
ev-amnesia-the-dark-descent-repo,cand-amnesia-the-dark-descent,github,https://github.com/FrictionalGames/AmnesiaTheDarkDescent,Canonical repository field,2026-10-07,repository-reference,,2020,GPL-3.0,Game + engine + tools,unknown,game-source-assets-separate,medium,Repository inherited from canonical dataset; license/file scope should be inspected directly.
ev-penumbra-overture-primary-source,cand-penumbra-overture,secondary-research,https://en.wikipedia.org/wiki/List_of_commercial_video_games_with_later_released_source_code,Canonical primary-source field,2026-10-07,secondary-research,,2009,GPL-3.0-or-later,Game/engine source,unknown,game-source-assets-separate,medium,Inherited canonical evidence; exact publication/authorization should be re-verified during a discovery refresh.
ev-penumbra-overture-repo,cand-penumbra-overture,github,https://github.com/FrictionalGames/HPL1Engine,Canonical repository field,2026-10-07,repository-reference,,2009,GPL-3.0-or-later,Game/engine source,unknown,game-source-assets-separate,medium,Repository inherited from canonical dataset; license/file scope should be inspected directly.
ev-arx-fatalis-primary-source,cand-arx-fatalis,secondary-research,https://en.wikipedia.org/wiki/List_of_commercial_video_games_with_later_released_source_code,Canonical primary-source field,2026-10-07,secondary-research,,2011,GPL-3.0,Game/engine source,unknown,game-source-assets-separate,medium,Inherited canonical evidence; exact publication/authorization should be re-verified during a discovery refresh.
ev-arx-fatalis-repo,cand-arx-fatalis,github,https://github.com/arx/ArxLibertatis,Canonical repository field,2026-10-07,repository-reference,,2011,GPL-3.0,Game/engine source,unknown,game-source-assets-separate,medium,Repository inherited from canonical dataset; license/file scope should be inspected directly.
ev-postal-primary-source,cand-postal,secondary-research,https://en.wikipedia.org/wiki/List_of_commercial_video_games_with_later_released_source_code,Canonical primary-source field,2026-10-07,secondary-research,,2016,GPL-2.0,Game source,unknown,game-source-assets-separate,medium,Inherited canonical evidence; exact publication/authorization should be re-verified during a discovery refresh.
ev-tread-marks-primary-source,cand-tread-marks,secondary-research,https://en.wikipedia.org/wiki/List_of_commercial_video_games_with_later_released_source_code,Canonical primary-source field,2026-10-07,secondary-research,,2017,GPL-3.0,Game source,unknown,game-source,medium,Inherited canonical evidence; exact publication/authorization should be re-verified during a discovery refresh.
ev-dink-smallwood-primary-source,cand-dink-smallwood,secondary-research,https://en.wikipedia.org/wiki/List_of_commercial_video_games_with_later_released_source_code,Canonical primary-source field,2026-10-07,secondary-research,,2003,Source available / GPL components,Game/source,unknown,unknown,medium,Inherited canonical evidence; exact publication/authorization should be re-verified during a discovery refresh.
ev-rogue-legacy-primary-source,cand-rogue-legacy,secondary-research,https://en.wikipedia.org/wiki/List_of_commercial_video_games_with_later_released_source_code,Canonical primary-source field,2026-10-07,secondary-research,,2024,Custom source license,Game source,authorized-restricted-or-unknown,game-source-assets-separate,medium,Inherited canonical evidence; exact publication/authorization should be re-verified during a discovery refresh.
ev-duelyst-primary-source,cand-duelyst,secondary-research,https://en.wikipedia.org/wiki/List_of_commercial_video_games_with_later_released_source_code,Canonical primary-source field,2026-10-07,secondary-research,,2023,MIT / CC0,Broad source + assets,unknown,unknown,medium,Inherited canonical evidence; exact publication/authorization should be re-verified during a discovery refresh.
ev-red-dog-superior-firepower-primary-source,cand-red-dog-superior-firepower,secondary-research,https://en.wikipedia.org/wiki/List_of_commercial_video_games_with_later_released_source_code,Canonical primary-source field,2026-10-07,secondary-research,,2022,MIT,Game source,unknown,game-source-assets-separate,medium,Inherited canonical evidence; exact publication/authorization should be re-verified during a discovery refresh.
ev-raptor-call-of-the-shadows-primary-source,cand-raptor-call-of-the-shadows,secondary-research,https://en.wikipedia.org/wiki/List_of_commercial_video_games_with_later_released_source_code,Canonical primary-source field,2026-10-07,secondary-research,,2023,GPL-2.0-or-later,DOS source,unknown,unknown,medium,Inherited canonical evidence; exact publication/authorization should be re-verified during a discovery refresh.
ev-shadowgun-deadzone-primary-source,cand-shadowgun-deadzone,secondary-research,https://en.wikipedia.org/wiki/List_of_commercial_video_games_with_later_released_source_code,Canonical primary-source field,2026-10-07,secondary-research,,2015,Source/public license with restrictions,Source + some assets,unknown,unknown,medium,Inherited canonical evidence; exact publication/authorization should be re-verified during a discovery refresh.
ev-blades-of-exile-primary-source,cand-blades-of-exile,secondary-research,https://en.wikipedia.org/wiki/List_of_commercial_video_games_with_later_released_source_code,Canonical primary-source field,2026-10-07,secondary-research,,2007,GPL-2.0-only,Game + artwork,unknown,unknown,medium,Inherited canonical evidence; exact publication/authorization should be re-verified during a discovery refresh.
ev-clonk-series-primary-source,cand-clonk-series,secondary-research,https://en.wikipedia.org/wiki/List_of_commercial_video_games_with_later_released_source_code,Canonical primary-source field,2026-10-07,secondary-research,,2010,ISC source; CC variants for content,Series source,unknown,unknown,medium,Inherited canonical evidence; exact publication/authorization should be re-verified during a discovery refresh.
ev-clonk-series-repo,cand-clonk-series,github,https://github.com/openclonk/openclonk,Canonical repository field,2026-10-07,repository-reference,,2010,ISC source; CC variants for content,Series source,unknown,unknown,medium,Repository inherited from canonical dataset; license/file scope should be inspected directly.
ev-colobot-primary-source,cand-colobot,secondary-research,https://en.wikipedia.org/wiki/List_of_commercial_video_games_with_later_released_source_code,Canonical primary-source field,2026-10-07,secondary-research,,2012,GPL-3.0,Game source + data,unknown,game-source,medium,Inherited canonical evidence; exact publication/authorization should be re-verified during a discovery refresh.
ev-colobot-repo,cand-colobot,github,https://github.com/colobot/colobot,Canonical repository field,2026-10-07,repository-reference,,2012,GPL-3.0,Game source + data,unknown,game-source,medium,Repository inherited from canonical dataset; license/file scope should be inspected directly.
ev-abuse-primary-source,cand-abuse,secondary-research,https://en.wikipedia.org/wiki/List_of_commercial_video_games_with_later_released_source_code,Canonical primary-source field,2026-10-07,secondary-research,,2003,Public domain source,Game source + shareware media,unknown,game-source,medium,Inherited canonical evidence; exact publication/authorization should be re-verified during a discovery refresh.
ev-abuse-repo,cand-abuse,github,https://github.com/abuse/abuse,Canonical repository field,2026-10-07,repository-reference,,2003,Public domain source,Game source + shareware media,unknown,game-source,medium,Repository inherited from canonical dataset; license/file scope should be inspected directly.
ev-astromenace-primary-source,cand-astromenace,secondary-research,https://en.wikipedia.org/wiki/List_of_commercial_video_games_with_later_released_source_code,Canonical primary-source field,2026-10-07,secondary-research,,2007,GPL-3.0-or-later,Game source,unknown,game-source,medium,Inherited canonical evidence; exact publication/authorization should be re-verified during a discovery refresh.
ev-glitch-primary-source,cand-glitch,secondary-research,https://en.wikipedia.org/wiki/List_of_commercial_video_games_with_later_released_source_code,Canonical primary-source field,2026-10-07,secondary-research,,2013,CC0 for released portions,Most art + parts of code,unknown,unknown,medium,Inherited canonical evidence; exact publication/authorization should be re-verified during a discovery refresh.
ev-habitat-primary-source,cand-habitat,secondary-research,https://en.wikipedia.org/wiki/List_of_commercial_video_games_with_later_released_source_code,Canonical primary-source field,2026-10-07,secondary-research,,2016,MIT,Source restored/released,unknown,unknown,medium,Inherited canonical evidence; exact publication/authorization should be re-verified during a discovery refresh.
ev-god-of-thunder-primary-source,cand-god-of-thunder,secondary-research,https://en.wikipedia.org/wiki/List_of_commercial_video_games_with_later_released_source_code,Canonical primary-source field,2026-10-07,secondary-research,,2020,Public domain source/assets,Game source + audio,authorized,game-source,medium,Inherited canonical evidence; exact publication/authorization should be re-verified during a discovery refresh.
ev-gravity-force-2-primary-source,cand-gravity-force-2,secondary-research,https://en.wikipedia.org/wiki/List_of_commercial_video_games_with_later_released_source_code,Canonical primary-source field,2026-10-07,secondary-research,,2008,CC BY-SA 4.0,Game source,unknown,game-source,medium,Inherited canonical evidence; exact publication/authorization should be re-verified during a discovery refresh.
ev-megaball-primary-source,cand-megaball,secondary-research,https://en.wikipedia.org/wiki/List_of_commercial_video_games_with_later_released_source_code,Canonical primary-source field,2026-10-07,secondary-research,,2012,Apache-2.0,Game source,authorized,game-source,medium,Inherited canonical evidence; exact publication/authorization should be re-verified during a discovery refresh.
ev-maelstrom-primary-source,cand-maelstrom,secondary-research,https://en.wikipedia.org/wiki/List_of_commercial_video_games_with_later_released_source_code,Canonical primary-source field,2026-10-07,secondary-research,,1995,GPL-2.0-only,Game source,unknown,game-source,medium,Inherited canonical evidence; exact publication/authorization should be re-verified during a discovery refresh.
ev-inside-a-star-filled-sky-primary-source,cand-inside-a-star-filled-sky,secondary-research,https://en.wikipedia.org/wiki/List_of_commercial_video_games_with_later_released_source_code,Canonical primary-source field,2026-10-07,secondary-research,,2011,Public domain,Game source,unknown,game-source,medium,Inherited canonical evidence; exact publication/authorization should be re-verified during a discovery refresh.
ev-kroz-primary-source,cand-kroz,secondary-research,https://en.wikipedia.org/wiki/List_of_commercial_video_games_with_later_released_source_code,Canonical primary-source field,2026-10-07,secondary-research,,2009,GPL-2.0-or-later,Game source,unknown,game-source,medium,Inherited canonical evidence; exact publication/authorization should be re-verified during a discovery refresh.
ev-beyond-the-titanic-primary-source,cand-beyond-the-titanic,secondary-research,https://en.wikipedia.org/wiki/List_of_commercial_video_games_with_later_released_source_code,Canonical primary-source field,2026-10-07,secondary-research,,2009,GPL-2.0-or-later,Game source,unknown,game-source,medium,Inherited canonical evidence; exact publication/authorization should be re-verified during a discovery refresh.
ev-escape-towards-the-unknown-primary-source,cand-escape-towards-the-unknown,secondary-research,https://en.wikipedia.org/wiki/List_of_commercial_video_games_with_later_released_source_code,Canonical primary-source field,2026-10-07,secondary-research,,2004,GPL-2.0-only,Game source,unknown,game-source,medium,Inherited canonical evidence; exact publication/authorization should be re-verified during a discovery refresh.
ev-eat-the-whistle-france-98-primary-source,cand-eat-the-whistle-france-98,secondary-research,https://en.wikipedia.org/wiki/List_of_commercial_video_games_with_later_released_source_code,Canonical primary-source field,2026-10-07,secondary-research,,2004,GPL-2.0-only,Game source,unknown,game-source,medium,Inherited canonical evidence; exact publication/authorization should be re-verified during a discovery refresh.
ev-fish-fillets-primary-source,cand-fish-fillets,secondary-research,https://en.wikipedia.org/wiki/List_of_commercial_video_games_with_later_released_source_code,Canonical primary-source field,2026-10-07,secondary-research,,2002,GPL-2.0-or-later,Game source,unknown,game-source,medium,Inherited canonical evidence; exact publication/authorization should be re-verified during a discovery refresh.
ev-fish-fillets-repo,cand-fish-fillets,github,https://github.com/fillets-ng/fillets-ng,Canonical repository field,2026-10-07,repository-reference,,2002,GPL-2.0-or-later,Game source,unknown,game-source,medium,Repository inherited from canonical dataset; license/file scope should be inspected directly.
ev-gladiator-openglad-primary-source,cand-gladiator-openglad,secondary-research,https://en.wikipedia.org/wiki/List_of_commercial_video_games_with_later_released_source_code,Canonical primary-source field,2026-10-07,secondary-research,,2002,GPL-2.0,Game source + content,unknown,game-source,medium,Inherited canonical evidence; exact publication/authorization should be re-verified during a discovery refresh.
ev-lemonade-stand-primary-source,cand-lemonade-stand,secondary-research,https://en.wikipedia.org/wiki/List_of_commercial_video_games_with_later_released_source_code,Canonical primary-source field,2026-10-07,secondary-research,,1979,Public domain,Source code,unknown,unknown,medium,Inherited canonical evidence; exact publication/authorization should be re-verified during a discovery refresh.
ev-adventureland-primary-source,cand-adventureland,secondary-research,https://en.wikipedia.org/wiki/List_of_commercial_video_games_with_later_released_source_code,Canonical primary-source field,2026-10-07,secondary-research,,1980,Public domain,Source published,unknown,unknown,medium,Inherited canonical evidence; exact publication/authorization should be re-verified during a discovery refresh.
ev-colossal-cave-adventure-primary-source,cand-colossal-cave-adventure,secondary-research,https://en.wikipedia.org/wiki/List_of_commercial_video_games_with_later_released_source_code,Canonical primary-source field,2026-10-07,secondary-research,,2000s,Public domain / BSD variants,Original source versions,unknown,unknown,medium,Inherited canonical evidence; exact publication/authorization should be re-verified during a discovery refresh.
ev-dragonfire-primary-source,cand-dragonfire,secondary-research,https://en.wikipedia.org/wiki/List_of_commercial_video_games_with_later_released_source_code,Canonical primary-source field,2026-10-07,secondary-research,,2003,Public domain,Atari 2600 source,authorized,unknown,medium,Inherited canonical evidence; exact publication/authorization should be re-verified during a discovery refresh.
ev-dandy-primary-source,cand-dandy,secondary-research,https://en.wikipedia.org/wiki/List_of_commercial_video_games_with_later_released_source_code,Canonical primary-source field,2026-10-07,secondary-research,,2018,Apache-2.0,Game source,authorized,game-source,medium,Inherited canonical evidence; exact publication/authorization should be re-verified during a discovery refresh.
ev-ant-eater-primary-source,cand-ant-eater,secondary-research,https://en.wikipedia.org/wiki/List_of_commercial_video_games_with_later_released_source_code,Canonical primary-source field,2026-10-07,secondary-research,,2021,MIT,Original source,authorized,unknown,medium,Inherited canonical evidence; exact publication/authorization should be re-verified during a discovery refresh.
ev-bird-strike-primary-source,cand-bird-strike,secondary-research,https://en.wikipedia.org/wiki/List_of_commercial_video_games_with_later_released_source_code,Canonical primary-source field,2026-10-07,secondary-research,,2021,GPL-3.0,BBC Micro source,authorized,unknown,medium,Inherited canonical evidence; exact publication/authorization should be re-verified during a discovery refresh.
ev-alien-bash-i-ii-primary-source,cand-alien-bash-i-ii,secondary-research,https://en.wikipedia.org/wiki/List_of_commercial_video_games_with_later_released_source_code,Canonical primary-source field,2026-10-07,secondary-research,,2014,Public domain,Game source,unknown,game-source,medium,Inherited canonical evidence; exact publication/authorization should be re-verified during a discovery refresh.
ev-cylindrix-primary-source,cand-cylindrix,secondary-research,https://en.wikipedia.org/wiki/List_of_commercial_video_games_with_later_released_source_code,Canonical primary-source field,2026-10-07,secondary-research,,2001,LGPL-2.0-only,Game source,unknown,game-source,medium,Inherited canonical evidence; exact publication/authorization should be re-verified during a discovery refresh.
ev-cytadela-the-citadel-primary-source,cand-cytadela-the-citadel,secondary-research,https://en.wikipedia.org/wiki/List_of_commercial_video_games_with_later_released_source_code,Canonical primary-source field,2026-10-07,secondary-research,,2006,GPL-3.0-or-later,Game source,unknown,game-source,medium,Inherited canonical evidence; exact publication/authorization should be re-verified during a discovery refresh.
ev-halloween-the-new-nightmare-primary-source,cand-halloween-the-new-nightmare,secondary-research,https://en.wikipedia.org/wiki/List_of_commercial_video_games_with_later_released_source_code,Canonical primary-source field,2026-10-07,secondary-research,,2021,GPL-3.0,Game source,unknown,game-source,medium,Inherited canonical evidence; exact publication/authorization should be re-verified during a discovery refresh.
ev-kaiser-ii-primary-source,cand-kaiser-ii,secondary-research,https://en.wikipedia.org/wiki/List_of_commercial_video_games_with_later_released_source_code,Canonical primary-source field,2026-10-07,secondary-research,,2003,GPL,Game source + data,unknown,game-source,medium,Inherited canonical evidence; exact publication/authorization should be re-verified during a discovery refresh.
ev-memonix-primary-source,cand-memonix,secondary-research,https://en.wikipedia.org/wiki/List_of_commercial_video_games_with_later_released_source_code,Canonical primary-source field,2026-10-07,secondary-research,,2007,Source released,Game source,unknown,game-source,medium,Inherited canonical evidence; exact publication/authorization should be re-verified during a discovery refresh.
ev-pararena-2-primary-source,cand-pararena-2,secondary-research,https://en.wikipedia.org/wiki/List_of_commercial_video_games_with_later_released_source_code,Canonical primary-source field,2026-10-07,secondary-research,,2016,MIT,Game source,unknown,game-source,medium,Inherited canonical evidence; exact publication/authorization should be re-verified during a discovery refresh.
ev-glider-primary-source,cand-glider,secondary-research,https://en.wikipedia.org/wiki/List_of_commercial_video_games_with_later_released_source_code,Canonical primary-source field,2026-10-07,secondary-research,,2016,Source available,Original Mac source,authorized,unknown,medium,Inherited canonical evidence; exact publication/authorization should be re-verified during a discovery refresh.
ev-infinity-game-boy-color-primary-source,cand-infinity-game-boy-color,secondary-research,https://en.wikipedia.org/wiki/List_of_commercial_video_games_with_later_released_source_code,Canonical primary-source field,2026-10-07,secondary-research,,2016,Source available,Unfinished game + source,unknown,unknown,medium,Inherited canonical evidence; exact publication/authorization should be re-verified during a discovery refresh.
ev-ironseed-primary-source,cand-ironseed,secondary-research,https://en.wikipedia.org/wiki/List_of_commercial_video_games_with_later_released_source_code,Canonical primary-source field,2026-10-07,secondary-research,,2013,Source available,Game source,unknown,game-source,medium,Inherited canonical evidence; exact publication/authorization should be re-verified during a discovery refresh.
ev-magic-land-island-primary-source,cand-magic-land-island,secondary-research,https://en.wikipedia.org/wiki/List_of_commercial_video_games_with_later_released_source_code,Canonical primary-source field,2026-10-07,secondary-research,,2012,Source released,HTML5 source,unknown,unknown,medium,Inherited canonical evidence; exact publication/authorization should be re-verified during a discovery refresh.
ev-pocket-island-primary-source,cand-pocket-island,secondary-research,https://en.wikipedia.org/wiki/List_of_commercial_video_games_with_later_released_source_code,Canonical primary-source field,2026-10-07,secondary-research,,2012,Source released,HTML5 source,unknown,unknown,medium,Inherited canonical evidence; exact publication/authorization should be re-verified during a discovery refresh.
ev-heartlight-primary-source,cand-heartlight,secondary-research,https://en.wikipedia.org/wiki/List_of_commercial_video_games_with_later_released_source_code,Canonical primary-source field,2026-10-07,secondary-research,,2005,Unclear/source available,8-bit source,unknown,unknown,medium,Inherited canonical evidence; exact publication/authorization should be re-verified during a discovery refresh.
ev-alpha-waves-primary-source,cand-alpha-waves,secondary-research,https://en.wikipedia.org/wiki/List_of_commercial_video_games_with_later_released_source_code,Canonical primary-source field,2026-10-07,secondary-research,,2000s,Source available,Atari ST source,unknown,unknown,medium,Inherited canonical evidence; exact publication/authorization should be re-verified during a discovery refresh.
ev-360-three-sixty-primary-source,cand-360-three-sixty,secondary-research,https://en.wikipedia.org/wiki/List_of_commercial_video_games_with_later_released_source_code,Canonical primary-source field,2026-10-07,secondary-research,,2020,Source found,Recovered PlayStation source,unauthorized-or-unresolved,unknown,medium,Inherited canonical evidence; exact publication/authorization should be re-verified during a discovery refresh.
ev-actua-soccer-96-primary-source,cand-actua-soccer-96,secondary-research,https://en.wikipedia.org/wiki/List_of_commercial_video_games_with_later_released_source_code,Canonical primary-source field,2026-10-07,secondary-research,,1996,Source found,Accidental CD source,unauthorized-or-unresolved,unknown,medium,Inherited canonical evidence; exact publication/authorization should be re-verified during a discovery refresh.
ev-mechcommander-2-primary-source,cand-mechcommander-2,secondary-research,https://en.wikipedia.org/wiki/List_of_commercial_video_games_with_later_released_source_code,Canonical primary-source field,2026-10-07,secondary-research,,2006,Source available,Large game/source release,unknown,unknown,medium,Inherited canonical evidence; exact publication/authorization should be re-verified during a discovery refresh.
ev-world-in-conflict-massgate-primary-source,cand-world-in-conflict-massgate,secondary-research,https://en.wikipedia.org/wiki/List_of_commercial_video_games_with_later_released_source_code,Canonical primary-source field,2026-10-07,secondary-research,,2017,Source available,Server/backend source,unknown,server-only,medium,Inherited canonical evidence; exact publication/authorization should be re-verified during a discovery refresh.
ev-world-in-conflict-massgate-repo,cand-world-in-conflict-massgate,github,https://github.com/ubisoft/massgate,Canonical repository field,2026-10-07,repository-reference,,2017,Source available,Server/backend source,unknown,server-only,medium,Repository inherited from canonical dataset; license/file scope should be inspected directly.
ev-zork-i-primary-source,cand-zork-i,secondary-research,https://en.wikipedia.org/wiki/List_of_commercial_video_games_with_later_released_source_code,Canonical primary-source field,2026-10-07,secondary-research,,2025,MIT,Original source,authorized,unknown,medium,Inherited canonical evidence; exact publication/authorization should be re-verified during a discovery refresh.
ev-zork-ii-primary-source,cand-zork-ii,secondary-research,https://en.wikipedia.org/wiki/List_of_commercial_video_games_with_later_released_source_code,Canonical primary-source field,2026-10-07,secondary-research,,2025,MIT,Original source,authorized,unknown,medium,Inherited canonical evidence; exact publication/authorization should be re-verified during a discovery refresh.
ev-zork-iii-primary-source,cand-zork-iii,secondary-research,https://en.wikipedia.org/wiki/List_of_commercial_video_games_with_later_released_source_code,Canonical primary-source field,2026-10-07,secondary-research,,2025,MIT,Original source,authorized,unknown,medium,Inherited canonical evidence; exact publication/authorization should be re-verified during a discovery refresh.
ev-a-dark-room-primary-source,cand-a-dark-room,github,https://github.com/doublespeakgames/adarkroom,Canonical primary-source field,2026-10-07,discovery-reference,,2013,MPL-2.0,Game source,unknown,game-source,medium,Inherited canonical evidence; exact publication/authorization should be re-verified during a discovery refresh.
ev-a-dark-room-repo,cand-a-dark-room,github,https://github.com/doublespeakgames/adarkroom,Canonical repository field,2026-10-07,repository-reference,,2013,MPL-2.0,Game source,unknown,game-source,medium,Repository inherited from canonical dataset; license/file scope should be inspected directly.
ev-little-big-adventure-primary-source,cand-little-big-adventure,github,https://github.com/2point21/lba1-classic,Canonical primary-source field,2026-10-07,discovery-reference,,2021,GPL-2.0-only,Engine source,authorized,engine-only,medium,Inherited canonical evidence; exact publication/authorization should be re-verified during a discovery refresh.
ev-little-big-adventure-repo,cand-little-big-adventure,github,https://github.com/2point21/lba1-classic,Canonical repository field,2026-10-07,repository-reference,,2021,GPL-2.0-only,Engine source,authorized,engine-only,medium,Repository inherited from canonical dataset; license/file scope should be inspected directly.
ev-little-big-adventure-2-primary-source,cand-little-big-adventure-2,github,https://github.com/2point21/lba2-classic,Canonical primary-source field,2026-10-07,discovery-reference,,2021,GPL-2.0-only,Engine source,authorized,engine-only,medium,Inherited canonical evidence; exact publication/authorization should be re-verified during a discovery refresh.
ev-little-big-adventure-2-repo,cand-little-big-adventure-2,github,https://github.com/2point21/lba2-classic,Canonical repository field,2026-10-07,repository-reference,,2021,GPL-2.0-only,Engine source,authorized,engine-only,medium,Repository inherited from canonical dataset; license/file scope should be inspected directly.
ev-amnesia-a-machine-for-pigs-primary-source,cand-amnesia-a-machine-for-pigs,github,https://github.com/FrictionalGames/AmnesiaAMachineForPigs,Canonical primary-source field,2026-10-07,discovery-reference,,2020,GPL-3.0,Game + engine source,unknown,unknown,medium,Inherited canonical evidence; exact publication/authorization should be re-verified during a discovery refresh.
ev-amnesia-a-machine-for-pigs-repo,cand-amnesia-a-machine-for-pigs,github,https://github.com/FrictionalGames/AmnesiaAMachineForPigs,Canonical repository field,2026-10-07,repository-reference,,2020,GPL-3.0,Game + engine source,unknown,unknown,medium,Repository inherited from canonical dataset; license/file scope should be inspected directly.
ev-thirty-flights-of-loving-primary-source,cand-thirty-flights-of-loving,github,https://github.com/blendogames/thirtyflightsofloving,Canonical primary-source field,2026-10-07,discovery-reference,,2012,GPL-2.0-or-later,Game source,authorized-restricted-or-unknown,game-source,medium,Inherited canonical evidence; exact publication/authorization should be re-verified during a discovery refresh.
ev-thirty-flights-of-loving-repo,cand-thirty-flights-of-loving,github,https://github.com/blendogames/thirtyflightsofloving,Canonical repository field,2026-10-07,repository-reference,,2012,GPL-2.0-or-later,Game source,authorized-restricted-or-unknown,game-source,medium,Repository inherited from canonical dataset; license/file scope should be inspected directly.
ev-gravity-bone-primary-source,cand-gravity-bone,github,https://github.com/blendogames/gravitybone,Canonical primary-source field,2026-10-07,discovery-reference,,2000s,GPL,Game source,unknown,game-source,medium,Inherited canonical evidence; exact publication/authorization should be re-verified during a discovery refresh.
ev-gravity-bone-repo,cand-gravity-bone,github,https://github.com/blendogames/gravitybone,Canonical repository field,2026-10-07,repository-reference,,2000s,GPL,Game source,unknown,game-source,medium,Repository inherited from canonical dataset; license/file scope should be inspected directly.
ev-quadrilateral-cowboy-primary-source,cand-quadrilateral-cowboy,github,https://github.com/blendogames/quadrilateralcowboy,Canonical primary-source field,2026-10-07,discovery-reference,,2016,GPL-3.0-or-later,Game source,authorized-restricted-or-unknown,game-source,medium,Inherited canonical evidence; exact publication/authorization should be re-verified during a discovery refresh.
ev-quadrilateral-cowboy-repo,cand-quadrilateral-cowboy,github,https://github.com/blendogames/quadrilateralcowboy,Canonical repository field,2026-10-07,repository-reference,,2016,GPL-3.0-or-later,Game source,authorized-restricted-or-unknown,game-source,medium,Repository inherited from canonical dataset; license/file scope should be inspected directly.
ev-flotilla-primary-source,cand-flotilla,github,https://github.com/blendogames/flotilla,Canonical primary-source field,2026-10-07,discovery-reference,,2020,zlib,Game source,unknown,game-source,medium,Inherited canonical evidence; exact publication/authorization should be re-verified during a discovery refresh.
ev-flotilla-repo,cand-flotilla,github,https://github.com/blendogames/flotilla,Canonical repository field,2026-10-07,repository-reference,,2020,zlib,Game source,unknown,game-source,medium,Repository inherited from canonical dataset; license/file scope should be inspected directly.
ev-eldritch-primary-source,cand-eldritch,github,https://github.com/MinorKeyGames/Eldritch,Canonical primary-source field,2026-10-07,discovery-reference,,2014,zlib,Game source + scripts,authorized-restricted-or-unknown,game-source,medium,Inherited canonical evidence; exact publication/authorization should be re-verified during a discovery refresh.
ev-eldritch-repo,cand-eldritch,github,https://github.com/MinorKeyGames/Eldritch,Canonical repository field,2026-10-07,repository-reference,,2014,zlib,Game source + scripts,authorized-restricted-or-unknown,game-source,medium,Repository inherited from canonical dataset; license/file scope should be inspected directly.
ev-good-robot-primary-source,cand-good-robot,github,https://github.com/arvindrajayadav/Good-Robot,Canonical primary-source field,2026-10-07,discovery-reference,,2020,MIT,Game source,unknown,game-source,medium,Inherited canonical evidence; exact publication/authorization should be re-verified during a discovery refresh.
ev-good-robot-repo,cand-good-robot,github,https://github.com/arvindrajayadav/Good-Robot,Canonical repository field,2026-10-07,repository-reference,,2020,MIT,Game source,unknown,game-source,medium,Repository inherited from canonical dataset; license/file scope should be inspected directly.
ev-unrest-primary-source,cand-unrest,github,https://github.com/arvindrajayadav/unrest,Canonical primary-source field,2026-10-07,discovery-reference,,2020,MIT,Game source,unknown,game-source,medium,Inherited canonical evidence; exact publication/authorization should be re-verified during a discovery refresh.
ev-unrest-repo,cand-unrest,github,https://github.com/arvindrajayadav/unrest,Canonical repository field,2026-10-07,repository-reference,,2020,MIT,Game source,unknown,game-source,medium,Repository inherited from canonical dataset; license/file scope should be inspected directly.
ev-will-fight-for-food-sas-goth-primary-source,cand-will-fight-for-food-sas-goth,github,https://github.com/arvindrajayadav/Will-Fight-for-Food--SAS--GOTH,Canonical primary-source field,2026-10-07,discovery-reference,,2020,MIT,Game source,unknown,game-source,medium,Inherited canonical evidence; exact publication/authorization should be re-verified during a discovery refresh.
ev-will-fight-for-food-sas-goth-repo,cand-will-fight-for-food-sas-goth,github,https://github.com/arvindrajayadav/Will-Fight-for-Food--SAS--GOTH,Canonical repository field,2026-10-07,repository-reference,,2020,MIT,Game source,unknown,game-source,medium,Repository inherited from canonical dataset; license/file scope should be inspected directly.
ev-urban-chaos-primary-source,cand-urban-chaos,github,https://github.com/dizzy2003/MuckyFoot-UrbanChaos,Canonical primary-source field,2026-10-07,discovery-reference,,2017,MIT,Game source snapshot,unknown,source-snapshot,medium,Inherited canonical evidence; exact publication/authorization should be re-verified during a discovery refresh.
ev-urban-chaos-repo,cand-urban-chaos,github,https://github.com/dizzy2003/MuckyFoot-UrbanChaos,Canonical repository field,2026-10-07,repository-reference,,2017,MIT,Game source snapshot,unknown,source-snapshot,medium,Repository inherited from canonical dataset; license/file scope should be inspected directly.
ev-vangers-primary-source,cand-vangers,github,https://github.com/KranX/Vangers,Canonical primary-source field,2026-10-07,discovery-reference,,2016,GPL-3.0,Game source,unknown,game-source,medium,Inherited canonical evidence; exact publication/authorization should be re-verified during a discovery refresh.
ev-vangers-repo,cand-vangers,github,https://github.com/KranX/Vangers,Canonical repository field,2026-10-07,repository-reference,,2016,GPL-3.0,Game source,unknown,game-source,medium,Repository inherited from canonical dataset; license/file scope should be inspected directly.
ev-perimeter-primary-source,cand-perimeter,github,https://github.com/KD-lab-Open-Source/Perimeter,Canonical primary-source field,2026-10-07,discovery-reference,,2021,GPL-3.0,Game source,unknown,game-source,medium,Inherited canonical evidence; exact publication/authorization should be re-verified during a discovery refresh.
ev-perimeter-repo,cand-perimeter,github,https://github.com/KD-lab-Open-Source/Perimeter,Canonical repository field,2026-10-07,repository-reference,,2021,GPL-3.0,Game source,unknown,game-source,medium,Repository inherited from canonical dataset; license/file scope should be inspected directly.
ev-toki-tori-2-primary-source,cand-toki-tori-2,github,https://github.com/TwoTribesGames/ttengine,Canonical primary-source field,2026-10-07,discovery-reference,,2021,GPL-2.0-only,In-house engine source,unknown,engine-only,medium,Inherited canonical evidence; exact publication/authorization should be re-verified during a discovery refresh.
ev-toki-tori-2-repo,cand-toki-tori-2,github,https://github.com/TwoTribesGames/ttengine,Canonical repository field,2026-10-07,repository-reference,,2021,GPL-2.0-only,In-house engine source,unknown,engine-only,medium,Repository inherited from canonical dataset; license/file scope should be inspected directly.
ev-skin-deep-primary-source,cand-skin-deep,github,https://github.com/blendogames/SkinDeep,Canonical primary-source field,2026-10-07,discovery-reference,,2025,GPL-3.0,Engine + gameplay source,authorized,unknown,medium,Inherited canonical evidence; exact publication/authorization should be re-verified during a discovery refresh.
ev-skin-deep-repo,cand-skin-deep,github,https://github.com/blendogames/SkinDeep,Canonical repository field,2026-10-07,repository-reference,,2025,GPL-3.0,Engine + gameplay source,authorized,unknown,medium,Repository inherited from canonical dataset; license/file scope should be inspected directly.
ev-machines-wired-for-war-primary-source,cand-machines-wired-for-war,github,https://github.com/NightDive-Studio/machines,Canonical primary-source field,2026-10-07,discovery-reference,,2020,GPL-3.0,Game/engine source,authorized,game-source-assets-separate,medium,Inherited canonical evidence; exact publication/authorization should be re-verified during a discovery refresh.
ev-machines-wired-for-war-repo,cand-machines-wired-for-war,github,https://github.com/NightDive-Studio/machines,Canonical repository field,2026-10-07,repository-reference,,2020,GPL-3.0,Game/engine source,authorized,game-source-assets-separate,medium,Repository inherited from canonical dataset; license/file scope should be inspected directly.
ev-towns-primary-source,cand-towns,github,https://github.com/supermalparit/Towns,Canonical primary-source field,2026-10-07,discovery-reference,,2026,GPL-3.0,Full game source,authorized,game-source-assets-separate,medium,Inherited canonical evidence; exact publication/authorization should be re-verified during a discovery refresh.
ev-towns-repo,cand-towns,github,https://github.com/supermalparit/Towns,Canonical repository field,2026-10-07,repository-reference,,2026,GPL-3.0,Full game source,authorized,game-source-assets-separate,medium,Repository inherited from canonical dataset; license/file scope should be inspected directly.
ev-unturned-primary-source,cand-unturned,github,https://github.com/SmartlyDressedGames/U3-SDK,Canonical primary-source field,2026-10-07,discovery-reference,,2026,Source-available proprietary license (non-commercial mods),Game source (U3 SDK),authorized,sdk-only,medium,Inherited canonical evidence; exact publication/authorization should be re-verified during a discovery refresh.
ev-unturned-repo,cand-unturned,github,https://github.com/SmartlyDressedGames/U3-SDK,Canonical repository field,2026-10-07,repository-reference,,2026,Source-available proprietary license (non-commercial mods),Game source (U3 SDK),authorized,sdk-only,medium,Repository inherited from canonical dataset; license/file scope should be inspected directly.
ev-barotrauma-primary-source,cand-barotrauma,github,https://github.com/FakeFishGames/Barotrauma,Canonical primary-source field,2026-10-07,discovery-reference,,2019,Source-available proprietary EULA (mods only),Game source (modding-restricted),authorized-restricted-or-unknown,game-source,medium,Inherited canonical evidence; exact publication/authorization should be re-verified during a discovery refresh.
ev-barotrauma-repo,cand-barotrauma,github,https://github.com/FakeFishGames/Barotrauma,Canonical repository field,2026-10-07,repository-reference,,2019,Source-available proprietary EULA (mods only),Game source (modding-restricted),authorized-restricted-or-unknown,game-source,medium,Repository inherited from canonical dataset; license/file scope should be inspected directly.
ev-monster-rpg-2-primary-source,cand-monster-rpg-2,github,https://github.com/LibreGamesArchive/monster-rpg-2,Canonical primary-source field,2026-10-07,discovery-reference,,2012,zlib,Game source,unknown,game-source,medium,Inherited canonical evidence; exact publication/authorization should be re-verified during a discovery refresh.
ev-monster-rpg-2-repo,cand-monster-rpg-2,github,https://github.com/LibreGamesArchive/monster-rpg-2,Canonical repository field,2026-10-07,repository-reference,,2012,zlib,Game source,unknown,game-source,medium,Repository inherited from canonical dataset; license/file scope should be inspected directly.
ev-nogravity-primary-source,cand-nogravity,secondary-research,https://en.wikipedia.org/wiki/List_of_commercial_video_games_with_later_released_source_code,Canonical primary-source field,2026-10-07,secondary-research,,2005,GPL-2.0,Game source,unknown,game-source-assets-separate,medium,Inherited canonical evidence; exact publication/authorization should be re-verified during a discovery refresh.
ev-nogravity-repo,cand-nogravity,github,https://github.com/realtech-vr/nogravity,Canonical repository field,2026-10-07,repository-reference,,2005,GPL-2.0,Game source,unknown,game-source-assets-separate,medium,Repository inherited from canonical dataset; license/file scope should be inspected directly.
ev-nothing-to-hide-primary-source,cand-nothing-to-hide,secondary-research,https://en.wikipedia.org/wiki/List_of_commercial_video_games_with_later_released_source_code,Canonical primary-source field,2026-10-07,secondary-research,,2013,CC0,Game source + assets,unknown,game-source,medium,Inherited canonical evidence; exact publication/authorization should be re-verified during a discovery refresh.
ev-nothing-to-hide-repo,cand-nothing-to-hide,github,https://github.com/cc0coder/nothing-to-hide,Canonical repository field,2026-10-07,repository-reference,,2013,CC0,Game source + assets,unknown,game-source,medium,Repository inherited from canonical dataset; license/file scope should be inspected directly.
ev-paybacktime-2-primary-source,cand-paybacktime-2,secondary-research,https://en.wikipedia.org/wiki/List_of_commercial_video_games_with_later_released_source_code,Canonical primary-source field,2026-10-07,secondary-research,,1997,Public domain,Game source + assets,unknown,game-source,medium,Inherited canonical evidence; exact publication/authorization should be re-verified during a discovery refresh.
ev-pinball-construction-set-primary-source,cand-pinball-construction-set,secondary-research,https://en.wikipedia.org/wiki/List_of_commercial_video_games_with_later_released_source_code,Canonical primary-source field,2026-10-07,secondary-research,,1983,MIT,Source release,unknown,unknown,medium,Inherited canonical evidence; exact publication/authorization should be re-verified during a discovery refresh.
ev-planet-blupi-primary-source,cand-planet-blupi,secondary-research,https://en.wikipedia.org/wiki/List_of_commercial_video_games_with_later_released_source_code,Canonical primary-source field,2026-10-07,secondary-research,,2010s,GPL-3.0,Game source + media,unknown,game-source,medium,Inherited canonical evidence; exact publication/authorization should be re-verified during a discovery refresh.
ev-principia-primary-source,cand-principia,secondary-research,https://en.wikipedia.org/wiki/List_of_commercial_video_games_with_later_released_source_code,Canonical primary-source field,2026-10-07,secondary-research,,2022,BSD-3-Clause,Game source,unknown,game-source,medium,Inherited canonical evidence; exact publication/authorization should be re-verified during a discovery refresh.
ev-principia-repo,cand-principia,github,https://github.com/Bithack/Principia,Canonical repository field,2026-10-07,repository-reference,,2022,BSD-3-Clause,Game source,unknown,game-source,medium,Repository inherited from canonical dataset; license/file scope should be inspected directly.
ev-seven-kingdoms-primary-source,cand-seven-kingdoms,secondary-research,https://en.wikipedia.org/wiki/List_of_commercial_video_games_with_later_released_source_code,Canonical primary-source field,2026-10-07,secondary-research,,2008,GPL-2.0,Game source,unknown,game-source,medium,Inherited canonical evidence; exact publication/authorization should be re-verified during a discovery refresh.
ev-seven-kingdoms-repo,cand-seven-kingdoms,github,https://github.com/7kaa/7kaa,Canonical repository field,2026-10-07,repository-reference,,2008,GPL-2.0,Game source,unknown,game-source,medium,Repository inherited from canonical dataset; license/file scope should be inspected directly.
ev-sissyfight-2000-returns-primary-source,cand-sissyfight-2000-returns,secondary-research,https://en.wikipedia.org/wiki/List_of_commercial_video_games_with_later_released_source_code,Canonical primary-source field,2026-10-07,secondary-research,,2018,MIT / CC BY,Game source + assets,unknown,game-source,medium,Inherited canonical evidence; exact publication/authorization should be re-verified during a discovery refresh.
ev-soldat-primary-source,cand-soldat,secondary-research,https://en.wikipedia.org/wiki/List_of_commercial_video_games_with_later_released_source_code,Canonical primary-source field,2026-10-07,secondary-research,,2020,MIT / CC BY,Game source + assets,unknown,game-source,medium,Inherited canonical evidence; exact publication/authorization should be re-verified during a discovery refresh.
ev-soldat-repo,cand-soldat,github,https://github.com/Soldat/soldat,Canonical repository field,2026-10-07,repository-reference,,2020,MIT / CC BY,Game source + assets,unknown,game-source,medium,Repository inherited from canonical dataset; license/file scope should be inspected directly.
ev-sopwith-primary-source,cand-sopwith,secondary-research,https://en.wikipedia.org/wiki/List_of_commercial_video_games_with_later_released_source_code,Canonical primary-source field,2026-10-07,secondary-research,,2000,GPL-2.0,Game source,unknown,game-source,medium,Inherited canonical evidence; exact publication/authorization should be re-verified during a discovery refresh.
ev-stunt-copter-primary-source,cand-stunt-copter,secondary-research,https://en.wikipedia.org/wiki/List_of_commercial_video_games_with_later_released_source_code,Canonical primary-source field,2026-10-07,secondary-research,,1986,Public domain,Game source + assets,unknown,game-source,medium,Inherited canonical evidence; exact publication/authorization should be re-verified during a discovery refresh.
ev-super-lemonade-factory-primary-source,cand-super-lemonade-factory,secondary-research,https://en.wikipedia.org/wiki/List_of_commercial_video_games_with_later_released_source_code,Canonical primary-source field,2026-10-07,secondary-research,,2021,MIT / GPL-3.0,Game source,unknown,game-source,medium,Inherited canonical evidence; exact publication/authorization should be re-verified during a discovery refresh.
ev-tyrian-opentyrian-primary-source,cand-tyrian-opentyrian,secondary-research,https://en.wikipedia.org/wiki/List_of_commercial_video_games_with_later_released_source_code,Canonical primary-source field,2026-10-07,secondary-research,,2007,GPL-2.0,Game source port,unknown,partial-game,medium,Inherited canonical evidence; exact publication/authorization should be re-verified during a discovery refresh.
ev-tyrian-opentyrian-repo,cand-tyrian-opentyrian,github,https://github.com/opentyrian/OpenTyrian,Canonical repository field,2026-10-07,repository-reference,,2007,GPL-2.0,Game source port,unknown,partial-game,medium,Repository inherited from canonical dataset; license/file scope should be inspected directly.
ev-vga-civil-war-strategy-game-primary-source,cand-vga-civil-war-strategy-game,secondary-research,https://en.wikipedia.org/wiki/List_of_commercial_video_games_with_later_released_source_code,Canonical primary-source field,2026-10-07,secondary-research,,2017,MIT,Game source,unknown,game-source,medium,Inherited canonical evidence; exact publication/authorization should be re-verified during a discovery refresh.
ev-voxelquest-primary-source,cand-voxelquest,secondary-research,https://en.wikipedia.org/wiki/List_of_commercial_video_games_with_later_released_source_code,Canonical primary-source field,2026-10-07,secondary-research,,2016,MIT,Engine/game source,unknown,game-source,medium,Inherited canonical evidence; exact publication/authorization should be re-verified during a discovery refresh.
ev-wander-primary-source,cand-wander,secondary-research,https://en.wikipedia.org/wiki/List_of_commercial_video_games_with_later_released_source_code,Canonical primary-source field,2026-10-07,secondary-research,,2015,Public domain / source available,Game source,unknown,game-source,medium,Inherited canonical evidence; exact publication/authorization should be re-verified during a discovery refresh.
ev-waterrace-primary-source,cand-waterrace,secondary-research,https://en.wikipedia.org/wiki/List_of_commercial_video_games_with_later_released_source_code,Canonical primary-source field,2026-10-07,secondary-research,,2014,GPL-2.0,Game source,unknown,game-source,medium,Inherited canonical evidence; exact publication/authorization should be re-verified during a discovery refresh.
ev-warfare-incorporated-hostile-takeover-primary-source,cand-warfare-incorporated-hostile-takeover,secondary-research,https://en.wikipedia.org/wiki/List_of_commercial_video_games_with_later_released_source_code,Canonical primary-source field,2026-10-07,secondary-research,,2014,BSD / FreeBSD,Game source + content,unknown,game-source,medium,Inherited canonical evidence; exact publication/authorization should be re-verified during a discovery refresh.
ev-word-whiz-primary-source,cand-word-whiz,secondary-research,https://en.wikipedia.org/wiki/List_of_commercial_video_games_with_later_released_source_code,Canonical primary-source field,2026-10-07,secondary-research,,2009,GPL-2.0,Game source,unknown,game-source,medium,Inherited canonical evidence; exact publication/authorization should be re-verified during a discovery refresh.
ev-zzt-primary-source,cand-zzt,secondary-research,https://en.wikipedia.org/wiki/List_of_commercial_video_games_with_later_released_source_code,Canonical primary-source field,2026-10-07,secondary-research,,2000s,MIT,Game source,authorized,game-source,medium,Inherited canonical evidence; exact publication/authorization should be re-verified during a discovery refresh.
ev-allegiance-freeallegiance-primary-source,cand-allegiance-freeallegiance,secondary-research,https://en.wikipedia.org/wiki/List_of_commercial_video_games_with_later_released_source_code,Canonical primary-source field,2026-10-07,secondary-research,,2004,MIT,Game source + server ecosystem,unknown,game-source-assets-separate,medium,Inherited canonical evidence; exact publication/authorization should be re-verified during a discovery refresh.
ev-allegiance-freeallegiance-repo,cand-allegiance-freeallegiance,github,https://github.com/FreeAllegiance/Allegiance,Canonical repository field,2026-10-07,repository-reference,,2004,MIT,Game source + server ecosystem,unknown,game-source-assets-separate,medium,Repository inherited from canonical dataset; license/file scope should be inspected directly.
ev-amulets-armor-primary-source,cand-amulets-armor,secondary-research,https://en.wikipedia.org/wiki/List_of_commercial_video_games_with_later_released_source_code,Canonical primary-source field,2026-10-07,secondary-research,,2013,GPL-3.0,Game source,unknown,game-source-assets-separate,medium,Inherited canonical evidence; exact publication/authorization should be re-verified during a discovery refresh.
ev-ares-antares-primary-source,cand-ares-antares,secondary-research,https://en.wikipedia.org/wiki/List_of_commercial_video_games_with_later_released_source_code,Canonical primary-source field,2026-10-07,secondary-research,,2008,LGPL-3.0,Game source,unknown,game-source,medium,Inherited canonical evidence; exact publication/authorization should be re-verified during a discovery refresh.
ev-avara-primary-source,cand-avara,secondary-research,https://en.wikipedia.org/wiki/List_of_commercial_video_games_with_later_released_source_code,Canonical primary-source field,2026-10-07,secondary-research,,2016,MIT,Game source,unknown,game-source,medium,Inherited canonical evidence; exact publication/authorization should be re-verified during a discovery refresh.
ev-avara-repo,cand-avara,github,https://github.com/Avara/Avara,Canonical repository field,2026-10-07,repository-reference,,2016,MIT,Game source,unknown,game-source,medium,Repository inherited from canonical dataset; license/file scope should be inspected directly.
ev-buzz-aldrin-s-race-into-space-primary-source,cand-buzz-aldrin-s-race-into-space,secondary-research,https://en.wikipedia.org/wiki/List_of_commercial_video_games_with_later_released_source_code,Canonical primary-source field,2026-10-07,secondary-research,,2007,GPL-2.0,Game source,unknown,game-source-assets-separate,medium,Inherited canonical evidence; exact publication/authorization should be re-verified during a discovery refresh.
ev-buzz-aldrin-s-race-into-space-repo,cand-buzz-aldrin-s-race-into-space,github,https://github.com/raceintospace/raceintospace,Canonical repository field,2026-10-07,repository-reference,,2007,GPL-2.0,Game source,unknown,game-source-assets-separate,medium,Repository inherited from canonical dataset; license/file scope should be inspected directly.
ev-cart-life-primary-source,cand-cart-life,secondary-research,https://en.wikipedia.org/wiki/List_of_commercial_video_games_with_later_released_source_code,Canonical primary-source field,2026-10-07,secondary-research,,2014,Artistic-2.0,Game source,unknown,game-source,medium,Inherited canonical evidence; exact publication/authorization should be re-verified during a discovery refresh.
ev-corncob-3d-primary-source,cand-corncob-3d,secondary-research,https://en.wikipedia.org/wiki/List_of_commercial_video_games_with_later_released_source_code,Canonical primary-source field,2026-10-07,secondary-research,,2016,Public domain,Game source,unknown,game-source,medium,Inherited canonical evidence; exact publication/authorization should be re-verified during a discovery refresh.
ev-glider-4-0-primary-source,cand-glider-4-0,secondary-research,https://en.wikipedia.org/wiki/List_of_commercial_video_games_with_later_released_source_code,Canonical primary-source field,2026-10-07,secondary-research,,2016,MIT,Game source,unknown,game-source-assets-separate,medium,Inherited canonical evidence; exact publication/authorization should be re-verified during a discovery refresh.
ev-glider-pro-primary-source,cand-glider-pro,secondary-research,https://en.wikipedia.org/wiki/List_of_commercial_video_games_with_later_released_source_code,Canonical primary-source field,2026-10-07,secondary-research,,2016,GPL-2.0,Game source + graphics/sound,unknown,game-source,medium,Inherited canonical evidence; exact publication/authorization should be re-verified during a discovery refresh.
ev-gloom-primary-source,cand-gloom,secondary-research,https://en.wikipedia.org/wiki/List_of_commercial_video_games_with_later_released_source_code,Canonical primary-source field,2026-10-07,secondary-research,,2017,Public domain / Unlicense,Game source,unknown,game-source,medium,Inherited canonical evidence; exact publication/authorization should be re-verified during a discovery refresh.
ev-gunocide-ii-primary-source,cand-gunocide-ii,secondary-research,https://en.wikipedia.org/wiki/List_of_commercial_video_games_with_later_released_source_code,Canonical primary-source field,2026-10-07,secondary-research,,2001,GPL-2.0,Game source + freeware,unknown,game-source,medium,Inherited canonical evidence; exact publication/authorization should be re-verified during a discovery refresh.
ev-h-craft-championship-primary-source,cand-h-craft-championship,secondary-research,https://en.wikipedia.org/wiki/List_of_commercial_video_games_with_later_released_source_code,Canonical primary-source field,2026-10-07,secondary-research,,2015,zlib,Game source,unknown,game-source,medium,Inherited canonical evidence; exact publication/authorization should be re-verified during a discovery refresh.
ev-haunts-the-manse-macabre-primary-source,cand-haunts-the-manse-macabre,secondary-research,https://en.wikipedia.org/wiki/List_of_commercial_video_games_with_later_released_source_code,Canonical primary-source field,2026-10-07,secondary-research,,2012,BSD-3-Clause,Game source,unknown,game-source,medium,Inherited canonical evidence; exact publication/authorization should be re-verified during a discovery refresh.
ev-hypercycles-primary-source,cand-hypercycles,secondary-research,https://en.wikipedia.org/wiki/List_of_commercial_video_games_with_later_released_source_code,Canonical primary-source field,2026-10-07,secondary-research,,2017,GPL-3.0,Game source,unknown,game-source,medium,Inherited canonical evidence; exact publication/authorization should be re-verified during a discovery refresh.
ev-meridian-59-primary-source,cand-meridian-59,secondary-research,https://en.wikipedia.org/wiki/List_of_commercial_video_games_with_later_released_source_code,Canonical primary-source field,2026-10-07,secondary-research,,2012,GPL-2.0,Game/server source,unknown,game-source-assets-separate,medium,Inherited canonical evidence; exact publication/authorization should be re-verified during a discovery refresh.
ev-meridian-59-repo,cand-meridian-59,github,https://github.com/Draconic/meridian59,Canonical repository field,2026-10-07,repository-reference,,2012,GPL-2.0,Game/server source,unknown,game-source-assets-separate,medium,Repository inherited from canonical dataset; license/file scope should be inspected directly.
ev-the-pit-puzzle-primary-source,cand-the-pit-puzzle,secondary-research,https://en.wikipedia.org/wiki/List_of_commercial_video_games_with_later_released_source_code,Canonical primary-source field,2026-10-07,secondary-research,,2011,Apache-2.0,Game source,unknown,game-source,medium,Inherited canonical evidence; exact publication/authorization should be re-verified during a discovery refresh.
ev-project-starfighter-primary-source,cand-project-starfighter,secondary-research,https://en.wikipedia.org/wiki/List_of_commercial_video_games_with_later_released_source_code,Canonical primary-source field,2026-10-07,secondary-research,,2008,GPL-2.0,Game source,unknown,game-source,medium,Inherited canonical evidence; exact publication/authorization should be re-verified during a discovery refresh.
ev-star-ruler-2-primary-source,cand-star-ruler-2,secondary-research,https://en.wikipedia.org/wiki/List_of_commercial_video_games_with_later_released_source_code,Canonical primary-source field,2026-10-07,secondary-research,,2018,MIT,Game source,unknown,game-source,medium,Inherited canonical evidence; exact publication/authorization should be re-verified during a discovery refresh.
ev-star-ruler-2-repo,cand-star-ruler-2,github,https://github.com/BlindMindStudios/Star-Ruler-2,Canonical repository field,2026-10-07,repository-reference,,2018,MIT,Game source,unknown,game-source,medium,Repository inherited from canonical dataset; license/file scope should be inspected directly.
ev-starshatter-the-gathering-storm-primary-source,cand-starshatter-the-gathering-storm,secondary-research,https://en.wikipedia.org/wiki/List_of_commercial_video_games_with_later_released_source_code,Canonical primary-source field,2026-10-07,secondary-research,,2011,BSD-3-Clause,Game source,authorized,game-source,medium,Inherited canonical evidence; exact publication/authorization should be re-verified during a discovery refresh.
ev-strange-adventures-in-infinite-space-primary-source,cand-strange-adventures-in-infinite-space,secondary-research,https://en.wikipedia.org/wiki/List_of_commercial_video_games_with_later_released_source_code,Canonical primary-source field,2026-10-07,secondary-research,,2005,GPL-3.0,Game source,unknown,game-source,medium,Inherited canonical evidence; exact publication/authorization should be re-verified during a discovery refresh.
ev-team-47-goman-primary-source,cand-team-47-goman,secondary-research,https://en.wikipedia.org/wiki/List_of_commercial_video_games_with_later_released_source_code,Canonical primary-source field,2026-10-07,secondary-research,,1998,Public domain / source available,Game source + art,unknown,game-source,medium,Inherited canonical evidence; exact publication/authorization should be re-verified during a discovery refresh.
ev-tribal-trouble-primary-source,cand-tribal-trouble,secondary-research,https://en.wikipedia.org/wiki/List_of_commercial_video_games_with_later_released_source_code,Canonical primary-source field,2026-10-07,secondary-research,,2014,GPL-2.0,Game source,unknown,game-source,medium,Inherited canonical evidence; exact publication/authorization should be re-verified during a discovery refresh.
ev-catacomb-primary-source,cand-catacomb,secondary-research,https://en.wikipedia.org/wiki/List_of_commercial_video_games_with_later_released_source_code,Canonical primary-source field,2026-10-07,secondary-research,,2014,GPL-2.0,Game source,unknown,game-source-assets-separate,medium,Inherited canonical evidence; exact publication/authorization should be re-verified during a discovery refresh.
ev-catacomb-3d-primary-source,cand-catacomb-3d,secondary-research,https://en.wikipedia.org/wiki/List_of_commercial_video_games_with_later_released_source_code,Canonical primary-source field,2026-10-07,secondary-research,,2014,GPL-2.0,Game source,unknown,game-source-assets-separate,medium,Inherited canonical evidence; exact publication/authorization should be re-verified during a discovery refresh.
ev-the-colony-primary-source,cand-the-colony,secondary-research,https://en.wikipedia.org/wiki/List_of_commercial_video_games_with_later_released_source_code,Canonical primary-source field,2026-10-07,secondary-research,,2023,Apache-2.0,Game source,unknown,game-source,medium,Inherited canonical evidence; exact publication/authorization should be re-verified during a discovery refresh.
ev-command-conquer-generals-zero-hour-primary-source,cand-command-conquer-generals-zero-hour,secondary-research,https://en.wikipedia.org/wiki/List_of_commercial_video_games_with_later_released_source_code,Canonical primary-source field,2026-10-07,secondary-research,,2025,GPL-3.0,Game source,unknown,game-source-assets-separate,medium,Inherited canonical evidence; exact publication/authorization should be re-verified during a discovery refresh.
ev-command-conquer-generals-zero-hour-repo,cand-command-conquer-generals-zero-hour,github,https://github.com/electronicarts/CnC_Generals_Zero_Hour,Canonical repository field,2026-10-07,repository-reference,,2025,GPL-3.0,Game source,unknown,game-source-assets-separate,medium,Repository inherited from canonical dataset; license/file scope should be inspected directly.
ev-command-conquer-renegade-primary-source,cand-command-conquer-renegade,secondary-research,https://en.wikipedia.org/wiki/List_of_commercial_video_games_with_later_released_source_code,Canonical primary-source field,2026-10-07,secondary-research,,2025,GPL-3.0,Game source,unknown,game-source-assets-separate,medium,Inherited canonical evidence; exact publication/authorization should be re-verified during a discovery refresh.
ev-command-conquer-renegade-repo,cand-command-conquer-renegade,github,https://github.com/electronicarts/CnC_Renegade,Canonical repository field,2026-10-07,repository-reference,,2025,GPL-3.0,Game source,unknown,game-source-assets-separate,medium,Repository inherited from canonical dataset; license/file scope should be inspected directly.
ev-commander-keen-in-keen-dreams-primary-source,cand-commander-keen-in-keen-dreams,secondary-research,https://en.wikipedia.org/wiki/List_of_commercial_video_games_with_later_released_source_code,Canonical primary-source field,2026-10-07,secondary-research,,2014,GPL-2.0,Game source,unknown,game-source,medium,Inherited canonical evidence; exact publication/authorization should be re-verified during a discovery refresh.
ev-commander-keen-in-keen-dreams-repo,cand-commander-keen-in-keen-dreams,github,https://github.com/id-Software/keen,Canonical repository field,2026-10-07,repository-reference,,2014,GPL-2.0,Game source,unknown,game-source,medium,Repository inherited from canonical dataset; license/file scope should be inspected directly.
ev-corebreach-primary-source,cand-corebreach,secondary-research,https://en.wikipedia.org/wiki/List_of_commercial_video_games_with_later_released_source_code,Canonical primary-source field,2026-10-07,secondary-research,,2010s,MIT / GPL,Game source,unknown,game-source,medium,Inherited canonical evidence; exact publication/authorization should be re-verified during a discovery refresh.
ev-cortex-command-primary-source,cand-cortex-command,secondary-research,https://en.wikipedia.org/wiki/List_of_commercial_video_games_with_later_released_source_code,Canonical primary-source field,2026-10-07,secondary-research,,2019,AGPL-3.0,Game source,unknown,game-source-assets-separate,medium,Inherited canonical evidence; exact publication/authorization should be re-verified during a discovery refresh.
ev-delver-primary-source,cand-delver,secondary-research,https://en.wikipedia.org/wiki/List_of_commercial_video_games_with_later_released_source_code,Canonical primary-source field,2026-10-07,secondary-research,,2020,zlib,Game source,unknown,game-source,medium,Inherited canonical evidence; exact publication/authorization should be re-verified during a discovery refresh.
ev-quake-4-primary-source,cand-quake-4,secondary-research,https://en.wikipedia.org/wiki/List_of_commercial_video_games_with_later_released_source_code,Canonical primary-source field,2026-10-07,secondary-research,,2021,GPL-2.0,Game source,unknown,game-source-assets-separate,medium,Inherited canonical evidence; exact publication/authorization should be re-verified during a discovery refresh.
ev-quake-4-repo,cand-quake-4,github,https://github.com/id-Software/Quake-4,Canonical repository field,2026-10-07,repository-reference,,2021,GPL-2.0,Game source,unknown,game-source-assets-separate,medium,Repository inherited from canonical dataset; license/file scope should be inspected directly.
ev-siege-of-avalon-primary-source,cand-siege-of-avalon,secondary-research,https://en.wikipedia.org/wiki/List_of_commercial_video_games_with_later_released_source_code,Canonical primary-source field,2026-10-07,secondary-research,,2003,LGPL-2.1,Game source,unknown,game-source-assets-separate,medium,Inherited canonical evidence; exact publication/authorization should be re-verified during a discovery refresh.
ev-spacebase-df-9-primary-source,cand-spacebase-df-9,secondary-research,https://en.wikipedia.org/wiki/List_of_commercial_video_games_with_later_released_source_code,Canonical primary-source field,2026-10-07,secondary-research,,2015,CPAL-1.0,Game source,unknown,game-source,medium,Inherited canonical evidence; exact publication/authorization should be re-verified during a discovery refresh.
ev-seven-kingdoms-ii-the-fryhtan-wars-primary-source,cand-seven-kingdoms-ii-the-fryhtan-wars,secondary-research,https://en.wikipedia.org/wiki/List_of_commercial_video_games_with_later_released_source_code,Canonical primary-source field,2026-10-07,secondary-research,,2009,GPL-2.0,Game source,unknown,game-source-assets-separate,medium,Inherited canonical evidence; exact publication/authorization should be re-verified during a discovery refresh.
ev-revenge-of-the-titans-primary-source,cand-revenge-of-the-titans,secondary-research,https://en.wikipedia.org/wiki/List_of_commercial_video_games_with_later_released_source_code,Canonical primary-source field,2026-10-07,secondary-research,,2011,BSD-3-Clause,Game source,unknown,game-source,medium,Inherited canonical evidence; exact publication/authorization should be re-verified during a discovery refresh.
ev-anodyne-primary-source,cand-anodyne,secondary-research,https://en.wikipedia.org/wiki/List_of_commercial_video_games_with_later_released_source_code,Canonical primary-source field,2026-10-07,secondary-research,,2020,Custom permissive license,Game source,unknown,game-source,medium,Inherited canonical evidence; exact publication/authorization should be re-verified during a discovery refresh.
ev-crongdor-the-barbarian-primary-source,cand-crongdor-the-barbarian,steamdb,https://steamdb.info/app/488190/,Canonical primary-source field,2026-10-07,discovery-reference,,2016,GPL-3.0,Game source,unknown,game-source,medium,Inherited canonical evidence; exact publication/authorization should be re-verified during a discovery refresh.
ev-drod-series-primary-source,cand-drod-series,secondary-research,https://en.wikipedia.org/wiki/List_of_commercial_video_games_with_later_released_source_code,Canonical primary-source field,2026-10-07,secondary-research,,2000s,MPL-1.1,Game engine source,unknown,unknown,medium,Inherited canonical evidence; exact publication/authorization should be re-verified during a discovery refresh.
ev-age-of-pirates-captain-blood-primary-source,cand-age-of-pirates-captain-blood,secondary-research,https://en.wikipedia.org/wiki/List_of_commercial_video_games_with_later_released_source_code,Canonical primary-source field,2026-10-07,secondary-research,,2022,GPL-3.0,Engine/game source,unknown,game-source-assets-separate,medium,Inherited canonical evidence; exact publication/authorization should be re-verified during a discovery refresh.
ev-age-of-pirates-2-city-of-abandoned-ships-primary-source,cand-age-of-pirates-2-city-of-abandoned-ships,secondary-research,https://en.wikipedia.org/wiki/List_of_commercial_video_games_with_later_released_source_code,Canonical primary-source field,2026-10-07,secondary-research,,2021,GPL-3.0,Engine/game source,unknown,game-source-assets-separate,medium,Inherited canonical evidence; exact publication/authorization should be re-verified during a discovery refresh.
ev-analogue-a-hate-story-primary-source,cand-analogue-a-hate-story,secondary-research,https://en.wikipedia.org/wiki/List_of_commercial_video_games_with_later_released_source_code,Canonical primary-source field,2026-10-07,secondary-research,,2013,Source available / public-domain-equivalent,Game source,unknown,game-source,medium,Inherited canonical evidence; exact publication/authorization should be re-verified during a discovery refresh.
ev-blake-stone-planet-strike-primary-source,cand-blake-stone-planet-strike,github,https://github.com/johndrinkwater/blake-stone,Canonical primary-source field,2026-10-07,discovery-reference,,2013,GPL-2.0-or-later,Game source,unknown,game-source-assets-separate,medium,Inherited canonical evidence; exact publication/authorization should be re-verified during a discovery refresh.
ev-blake-stone-planet-strike-repo,cand-blake-stone-planet-strike,github,https://github.com/johndrinkwater/blake-stone,Canonical repository field,2026-10-07,repository-reference,,2013,GPL-2.0-or-later,Game source,unknown,game-source-assets-separate,medium,Repository inherited from canonical dataset; license/file scope should be inspected directly.
ev-br-ny-skeldalu-primary-source,cand-br-ny-skeldalu,secondary-research,https://en.wikipedia.org/wiki/List_of_commercial_video_games_with_later_released_source_code,Canonical primary-source field,2026-10-07,secondary-research,,2008/2025,GPL-3.0 / MIT,Game source,unknown,game-source,medium,Inherited canonical evidence; exact publication/authorization should be re-verified during a discovery refresh.
ev-doom-3do-primary-source,cand-doom-3do,github,https://github.com/Olde-Skuul/doom3do,Canonical primary-source field,2026-10-07,discovery-reference,,2014,MIT,Platform source,unknown,unknown,medium,Inherited canonical evidence; exact publication/authorization should be re-verified during a discovery refresh.
ev-doom-3do-repo,cand-doom-3do,github,https://github.com/Olde-Skuul/doom3do,Canonical repository field,2026-10-07,repository-reference,,2014,MIT,Platform source,unknown,unknown,medium,Repository inherited from canonical dataset; license/file scope should be inspected directly.
ev-doom-snes-primary-source,cand-doom-snes,secondary-research,https://en.wikipedia.org/wiki/List_of_commercial_video_games_with_later_released_source_code,Canonical primary-source field,2026-10-07,secondary-research,,2020,GPL-3.0,Platform source,unknown,unknown,medium,Inherited canonical evidence; exact publication/authorization should be re-verified during a discovery refresh.
ev-glypha-iii-primary-source,cand-glypha-iii,secondary-research,https://en.wikipedia.org/wiki/List_of_commercial_video_games_with_later_released_source_code,Canonical primary-source field,2026-10-07,secondary-research,,2016,MIT,Game source + assets,unknown,game-source,medium,Inherited canonical evidence; exact publication/authorization should be re-verified during a discovery refresh.
ev-hammerfight-primary-source,cand-hammerfight,secondary-research,https://en.wikipedia.org/wiki/List_of_commercial_video_games_with_later_released_source_code,Canonical primary-source field,2026-10-07,secondary-research,,2011,zlib,Engine source,unknown,engine-only,medium,Inherited canonical evidence; exact publication/authorization should be re-verified during a discovery refresh.
ev-hammerfight-repo,cand-hammerfight,github,https://github.com/icculus/hge-unix,Canonical repository field,2026-10-07,repository-reference,,2011,zlib,Engine source,unknown,engine-only,medium,Repository inherited from canonical dataset; license/file scope should be inspected directly.
ev-hovertank-3d-primary-source,cand-hovertank-3d,github,https://github.com/FlatRockSoft/Hovertank3D,Canonical primary-source field,2026-10-07,discovery-reference,,2014,GPL-2.0,Game source,unknown,game-source,medium,Inherited canonical evidence; exact publication/authorization should be re-verified during a discovery refresh.
ev-hovertank-3d-repo,cand-hovertank-3d,github,https://github.com/FlatRockSoft/Hovertank3D,Canonical repository field,2026-10-07,repository-reference,,2014,GPL-2.0,Game source,unknown,game-source,medium,Repository inherited from canonical dataset; license/file scope should be inspected directly.
ev-lemma-primary-source,cand-lemma,secondary-research,https://en.wikipedia.org/wiki/List_of_commercial_video_games_with_later_released_source_code,Canonical primary-source field,2026-10-07,secondary-research,,2014,MIT,Game source,unknown,game-source-assets-separate,medium,Inherited canonical evidence; exact publication/authorization should be re-verified during a discovery refresh.
ev-myst-online-uru-live-primary-source,cand-myst-online-uru-live,primary-or-other,https://mystonline.com/en/developer/,Canonical primary-source field,2026-10-07,discovery-reference,,2010,GPL / mixed open source,Client/engine/server source,unknown,unknown,medium,Inherited canonical evidence; exact publication/authorization should be re-verified during a discovery refresh.
ev-myst-online-uru-live-repo,cand-myst-online-uru-live,github,https://github.com/H-uru/Plasma,Canonical repository field,2026-10-07,repository-reference,,2010,GPL / mixed open source,Client/engine/server source,unknown,unknown,medium,Repository inherited from canonical dataset; license/file scope should be inspected directly.
ev-receiver-primary-source,cand-receiver,secondary-research,https://en.wikipedia.org/wiki/List_of_commercial_video_games_with_later_released_source_code,Canonical primary-source field,2026-10-07,secondary-research,,2012,Source available / non-commercial,Game source,authorized-restricted-or-unknown,game-source,medium,Inherited canonical evidence; exact publication/authorization should be re-verified during a discovery refresh.
ev-shogo-mobile-armor-division-primary-source,cand-shogo-mobile-armor-division,secondary-research,https://en.wikipedia.org/wiki/List_of_commercial_video_games_with_later_released_source_code,Canonical primary-source field,2026-10-07,secondary-research,,1998,Source/SDK available,Game/engine SDK source,authorized,sdk-only,medium,Inherited canonical evidence; exact publication/authorization should be re-verified during a discovery refresh.
ev-soul-ride-primary-source,cand-soul-ride,github,https://github.com/Echelon9/soulride,Canonical primary-source field,2026-10-07,discovery-reference,,2005,GPL-2.0,Game/engine source,unknown,game-source,medium,Inherited canonical evidence; exact publication/authorization should be re-verified during a discovery refresh.
ev-soul-ride-repo,cand-soul-ride,github,https://github.com/Echelon9/soulride,Canonical repository field,2026-10-07,repository-reference,,2005,GPL-2.0,Game/engine source,unknown,game-source,medium,Repository inherited from canonical dataset; license/file scope should be inspected directly.
ev-speed-haste-primary-source,cand-speed-haste,github,https://github.com/TheJare/SpeedHasteSrc,Canonical primary-source field,2026-10-07,discovery-reference,,2000s,Public permissive source,Game source,unknown,game-source,medium,Inherited canonical evidence; exact publication/authorization should be re-verified during a discovery refresh.
ev-speed-haste-repo,cand-speed-haste,github,https://github.com/TheJare/SpeedHasteSrc,Canonical repository field,2026-10-07,repository-reference,,2000s,Public permissive source,Game source,unknown,game-source,medium,Repository inherited from canonical dataset; license/file scope should be inspected directly.
ev-to-heart-2-primary-source,cand-to-heart-2,secondary-research,https://en.wikipedia.org/wiki/List_of_commercial_video_games_with_later_released_source_code,Canonical primary-source field,2026-10-07,secondary-research,,2000s,GPL-2.0,Game source / interpreter,unknown,game-source-assets-separate,medium,Inherited canonical evidence; exact publication/authorization should be re-verified during a discovery refresh.
ev-silent-storm-primary-source,cand-silent-storm,secondary-research,https://en.wikipedia.org/wiki/List_of_commercial_video_games_with_later_released_source_code,Canonical primary-source field,2026-10-07,secondary-research,,2026,Source-available non-commercial,Game source,authorized-restricted-or-unknown,game-source-assets-separate,medium,Inherited canonical evidence; exact publication/authorization should be re-verified during a discovery refresh.
ev-blitzkrieg-primary-source,cand-blitzkrieg,secondary-research,https://en.wikipedia.org/wiki/List_of_commercial_video_games_with_later_released_source_code,Canonical primary-source field,2026-10-07,secondary-research,,2025,Source-available non-commercial,Game source,authorized-restricted-or-unknown,game-source-assets-separate,medium,Inherited canonical evidence; exact publication/authorization should be re-verified during a discovery refresh.
ev-blitzkrieg-2-primary-source,cand-blitzkrieg-2,secondary-research,https://en.wikipedia.org/wiki/List_of_commercial_video_games_with_later_released_source_code,Canonical primary-source field,2026-10-07,secondary-research,,2025,Source-available non-commercial,Game source,authorized-restricted-or-unknown,game-source-assets-separate,medium,Inherited canonical evidence; exact publication/authorization should be re-verified during a discovery refresh.
ev-prime-world-primary-source,cand-prime-world,secondary-research,https://en.wikipedia.org/wiki/List_of_commercial_video_games_with_later_released_source_code,Canonical primary-source field,2026-10-07,secondary-research,,2024,Source-available non-commercial,Game source + data,authorized-restricted-or-unknown,game-source,medium,Inherited canonical evidence; exact publication/authorization should be re-verified during a discovery refresh.
ev-icebreaker-3do-primary-source,cand-icebreaker-3do,primary-or-other,https://3do.dev/Development/Source_Code,Canonical primary-source field,2026-10-07,discovery-reference,,2023,Source available,3DO source,unknown,unknown,medium,Inherited canonical evidence; exact publication/authorization should be re-verified during a discovery refresh.
ev-icebreaker-3do-repo,cand-icebreaker-3do,github,https://github.com/trapexit/icebreaker,Canonical repository field,2026-10-07,repository-reference,,2023,Source available,3DO source,unknown,unknown,medium,Repository inherited from canonical dataset; license/file scope should be inspected directly.
ev-icebreaker-2-3do-primary-source,cand-icebreaker-2-3do,primary-or-other,https://3do.dev/Development/Source_Code,Canonical primary-source field,2026-10-07,discovery-reference,,2023,Source available,3DO source,unknown,unknown,medium,Inherited canonical evidence; exact publication/authorization should be re-verified during a discovery refresh.
ev-icebreaker-2-3do-repo,cand-icebreaker-2-3do,github,https://github.com/trapexit/icebreaker2,Canonical repository field,2026-10-07,repository-reference,,2023,Source available,3DO source,unknown,unknown,medium,Repository inherited from canonical dataset; license/file scope should be inspected directly.
ev-star-fighter-3do-primary-source,cand-star-fighter-3do,primary-or-other,https://3do.dev/Development/Source_Code,Canonical primary-source field,2026-10-07,discovery-reference,,2024,Source available,3DO source,unknown,unknown,medium,Inherited canonical evidence; exact publication/authorization should be re-verified during a discovery refresh.
ev-star-fighter-3do-repo,cand-star-fighter-3do,github,https://github.com/trapexit/star_fighter_3do,Canonical repository field,2026-10-07,repository-reference,,2024,Source available,3DO source,unknown,unknown,medium,Repository inherited from canonical dataset; license/file scope should be inspected directly.
ev-escape-from-monster-manor-3do-primary-source,cand-escape-from-monster-manor-3do,primary-or-other,https://3do.dev/Development/Source_Code,Canonical primary-source field,2026-10-07,discovery-reference,,2022,Source available / proprietary,3DO source,authorized-restricted-or-unknown,unknown,medium,Inherited canonical evidence; exact publication/authorization should be re-verified during a discovery refresh.
ev-escape-from-monster-manor-3do-repo,cand-escape-from-monster-manor-3do,github,https://github.com/ewhac/EFMM-3DO,Canonical repository field,2026-10-07,repository-reference,,2022,Source available / proprietary,3DO source,authorized-restricted-or-unknown,unknown,medium,Repository inherited from canonical dataset; license/file scope should be inspected directly.
ev-the-bilestoad-primary-source,cand-the-bilestoad,internet-archive,https://archive.org/details/gamesourcecode,Canonical primary-source field,2026-10-07,discovery-reference,,2019,Source available / license unclear,Apple II source,unknown,unknown,medium,Inherited canonical evidence; exact publication/authorization should be re-verified during a discovery refresh.
ev-swashbuckler-primary-source,cand-swashbuckler,internet-archive,https://archive.org/details/gamesourcecode,Canonical primary-source field,2026-10-07,discovery-reference,,2019,Source available / license unclear,Apple II source,unknown,unknown,medium,Inherited canonical evidence; exact publication/authorization should be re-verified during a discovery refresh.
ev-super-3d-noah-s-ark-primary-source,cand-super-3d-noah-s-ark,internet-archive,https://archive.org/details/gamesourcecode,Canonical primary-source field,2026-10-07,discovery-reference,,2018,Source available / license unclear,SNES source,unknown,unknown,medium,Inherited canonical evidence; exact publication/authorization should be re-verified during a discovery refresh.
ev-tempest-2000-primary-source,cand-tempest-2000,secondary-research,https://en.wikipedia.org/wiki/List_of_commercial_video_games_with_later_released_source_code,Canonical primary-source field,2026-10-07,secondary-research,,2008,Source available / license unclear,Jaguar source,unknown,unknown,medium,Inherited canonical evidence; exact publication/authorization should be re-verified during a discovery refresh.
ev-california-watersports-primary-source,cand-california-watersports,internet-archive,https://archive.org/details/gamesourcecode,Canonical primary-source field,2026-10-07,discovery-reference,,2020,Source available with permission,PlayStation source,authorized,unknown,medium,Inherited canonical evidence; exact publication/authorization should be re-verified during a discovery refresh.
ev-tomb-raider-ii-primary-source,cand-tomb-raider-ii,internet-archive,https://archive.org/details/gamesourcecode,Canonical primary-source field,2026-10-07,discovery-reference,,2021,Source available / license unclear,Game source archive,unknown,game-source-assets-separate,medium,Inherited canonical evidence; exact publication/authorization should be re-verified during a discovery refresh.
ev-the-lion-king-gbc-nes-source-primary-source,cand-the-lion-king-gbc-nes-source,internet-archive,https://archive.org/details/gamesourcecode,Canonical primary-source field,2026-10-07,discovery-reference,,2025,Source available / license unclear,Platform source,unknown,unknown,medium,Inherited canonical evidence; exact publication/authorization should be re-verified during a discovery refresh.
ev-dungeons-of-daggorath-primary-source,cand-dungeons-of-daggorath,secondary-research,https://en.wikipedia.org/wiki/List_of_commercial_video_games_with_later_released_source_code,Canonical primary-source field,2026-10-07,secondary-research,,2012,Source available / non-commercial,TRS-80 source,authorized-restricted-or-unknown,unknown,medium,Inherited canonical evidence; exact publication/authorization should be re-verified during a discovery refresh.
ev-enemy-nations-primary-source,cand-enemy-nations,secondary-research,https://en.wikipedia.org/wiki/List_of_commercial_video_games_with_later_released_source_code,Canonical primary-source field,2026-10-07,secondary-research,,2005,Source available / non-commercial,Game source + artwork,authorized-restricted-or-unknown,game-source,medium,Inherited canonical evidence; exact publication/authorization should be re-verified during a discovery refresh.
ev-fort-apocalypse-primary-source,cand-fort-apocalypse,secondary-research,https://en.wikipedia.org/wiki/List_of_commercial_video_games_with_later_released_source_code,Canonical primary-source field,2026-10-07,secondary-research,,2010s,CC BY-NC-ND,Game source,authorized-restricted-or-unknown,game-source,medium,Inherited canonical evidence; exact publication/authorization should be re-verified during a discovery refresh.
ev-doom-jaguar-primary-source,cand-doom-jaguar,secondary-research,https://en.wikipedia.org/wiki/List_of_commercial_video_games_with_later_released_source_code,Canonical primary-source field,2026-10-07,secondary-research,,2018,Source available / proprietary,Platform source,authorized-restricted-or-unknown,unknown,medium,Inherited canonical evidence; exact publication/authorization should be re-verified during a discovery refresh.
